design_id,temperature_K,pressure_bar,residence_time_ms,equivalence_ratio,cracking_ratio,psr_fraction,heat_loss_W_per_K,design_role,mechanism_id,status,runtime_s,total_residence_time_s,ambient_temperature_K,psr_temperature_K,outlet_temperature_K,psr_steps,pfr_steps,converged,failure_reason,steady_mass_flow_kg_per_s,fuel_heat_input_W,X_NO,X_NO2,X_N2O,X_NH3,X_H2,X_O2,X_H2O,X_dry_NO,X_dry_NO2,X_dry_N2O,X_dry_NH3,X_dry_H2,X_dry_O2,Y_NO,Y_NO2,Y_N2O,Y_NH3,Y_H2,Y_O2,Y_H2O,EI_g_per_MJ_NO,EI_g_per_MJ_NO2,EI_g_per_MJ_N2O,EI_g_per_MJ_NH3,X_dry_O2corr15_NO,X_dry_O2corr15_NO2,X_dry_O2corr15_N2O,X_dry_O2corr15_NH3,EI_g_per_MJ_NOx_NO2eq
reactor_0027,750,5,5,1.0,0.3,0.5,0.0,primary_map,C3_v3_5_C0,completed,0.094472499999938,0.005,300.0,2385.7352195273165,2411.950192639869,650,546,True,,0.2449202649456006,674588.0179305885,0.0065546640268965,1.2932052325130988e-06,2.2036159963220517e-07,1.625554194921455e-07,0.0119988171448944,0.0017862708794221,0.2942643752220836,0.0092877046258777,1.832421642197884e-06,3.1224383734567657e-07,2.303347227841857e-07,0.0170018583781573,0.0025310765344803,0.0079598403928445,2.407788339455775e-06,3.925208284765455e-07,1.120436945280816e-07,0.0009789821684093,0.0023132148464523,0.2145446914328549,2.8899508531454177,0.0008741871221512,0.0001425111368002,4.067930443455535e-05,0.0026540293024693,5.236278422681367e-07,8.92259527205384e-08,6.58198261325097e-08,4.43176103927493
reactor_0031,750,5,20,1.0,0.3,0.5,0.0,primary_map,C3_v3_5_C0,completed,0.1004243000006681,0.02,300.0,2401.1569901788043,2424.376682982656,650,584,True,,0.0612300662364001,168647.00448264708,0.0032973169596671,7.703817349295547e-07,1.992638899471509e-07,7.357040656919663e-08,0.0106769917462769,0.0025786362918398,0.2954371783092895,0.0046799474200961,1.0934180902150091e-06,2.828191948433861e-07,1.0441993858354993e-07,0.0151540663480593,0.0036599096808032,0.0040022272823915,1.4336527079880733e-06,3.547664341799263e-07,5.068462665965448e-08,0.0008707076929748,0.0033376890316556,0.2152942148283667,1.4530743806906958,0.0005205111738532,0.0001288037835591,1.8401886574019665e-05,0.001344680901603,3.141698594872708e-07,8.12619321917178e-08,3.0002793740144216e-08,2.228381293510305
reactor_0185,600,5,5,1.0,0.3,0.5,0.0,thermal_residence_sensitivity,C3_v3_5_C0,completed,0.106058700000176,0.005,300.0,2289.4984216663806,2316.95792918562,660,581,True,,0.2550367371729026,702451.9880670785,0.0063437378569835,1.066928071414455e-06,1.670680883666126e-07,1.5981370375449016e-07,0.009584248422308,0.001029573984746,0.2982328177652923,0.0090396616108244,1.52034477875829e-06,2.380676848333103e-07,2.2773037525861409e-07,0.0136573049651423,0.0014671161758625,0.007688845360231,1.9826587452628308e-06,2.970176572970773e-07,1.0994157611492685e-07,0.0007804703033925,0.0013307246064854,0.217018866821357,2.7915616534821064,0.0007198368371204,0.0001078371411663,3.99160958020091e-05,0.002569906152755,4.322223075874127e-07,6.768080868122965e-08,6.474199120966256e-08,4.280755884483134
reactor_0186,600,5,5,1.0,0.3,0.5,0.5,thermal_residence_sensitivity,C3_v3_5_C0,completed,0.1091830000004847,0.005,300.0,2287.561253813746,2313.1296810713598,720,586,True,,0.2550367371729026,702451.9880670785,0.0063398074183335,1.0580771669757191e-06,1.6531810246520373e-07,1.5987622281104382e-07,0.009506347337956,0.0010041872611058,0.2983609739311366,0.0090357109322355,1.508007861113291e-06,2.3561702859010917e-07,2.278610750983976e-07,0.0135487722101465,0.0014312021193178,0.0076836084086139,1.966090162097877e-06,2.9388839433005204e-07,1.0997781338666874e-07,0.0007740789517416,0.0012978323471054,0.2170987561014373,2.789660292142348,0.0007138213407423,0.0001067010108251,3.992925233897689e-05,0.0025683385482067,4.2864083963539e-07,6.697251623920592e-08,6.476793992194063e-08,4.277834692435446
reactor_0187,600,5,5,1.0,0.3,0.5,2.0,thermal_residence_sensitivity,C3_v3_5_C0,completed,0.1049870999995619,0.005,300.0,2281.754768560079,2301.665456642805,730,586,True,,0.2550367371729026,702451.9880670785,0.0063254562608528,1.0311752998679922e-06,1.601679181444854e-07,1.599947416966673e-07,0.0092782401619796,0.0009309687510403,0.2987349682544734,0.0090200651315923,1.4704501909945265e-06,2.2839855246426537e-07,2.281516038214861e-07,0.0132307184045454,0.0013275562146925,0.0076648408138793,1.9157582939199906e-06,2.84681784980464e-07,1.1003960842386849e-07,0.0007553692742888,0.0012029875021597,0.2173319145558734,2.782846408479105,0.0006955475289317,0.000103358400015,3.995168804266715e-05,0.0025626117411808,4.1775673116442106e-07,6.488831329650404e-08,6.481815487943915e-08,4.267369338700909
reactor_0188,600,5,20,1.0,0.3,0.5,0.0,thermal_residence_sensitivity,C3_v3_5_C0,completed,0.1001624000000447,0.02,300.0,2309.1205070751253,2328.20813617829,650,540,True,,0.0637591842932256,175612.99701676963,0.0038458046192673,7.812073346770132e-07,1.446088468844788e-07,8.380167502301343e-08,0.0083489474966179,0.0015454434181723,0.2994258801830989,0.0054895042658333,1.115095908597346e-06,2.064147715337717e-07,1.1961857090141366e-07,0.0119172936316859,0.0022059670411123,0.0046588749616609,1.4509654800052252e-06,2.569576595237231e-07,5.7620706815349874e-08,0.0006795289922633,0.0019964648868379,0.2177756578638657,1.691481110884245,0.0005267968602228,9.329270069666032e-05,2.092014445032786e-05,0.0015661996966254,3.181458268688205e-07,5.889179366656924e-08,3.412813988006362e-08,2.59391394969865
reactor_0189,600,5,20,1.0,0.3,0.5,0.5,thermal_residence_sensitivity,C3_v3_5_C0,completed,0.1500691000001097,0.02,300.0,2301.678436408351,2312.7108621546317,750,537,True,,0.0637591842932256,175612.99701676963,0.0039137738389739,7.7387440353782e-07,1.3720123628777258e-07,8.519997864647298e-08,0.0080358411149602,0.0014081689462045,0.2999537073339167,0.0055907357555863,1.105461755379872e-06,1.959888049192434e-07,1.217062064881368e-07,0.0114790138868619,0.0020115368954267,0.0047400109661348,1.4369810232392748e-06,2.4373309990917053e-07,5.856729288744552e-08,0.0006538789922119,0.0018186666895106,0.2181041936022444,1.720938870560022,0.0005217195733971,8.849130701860305e-05,2.1263818078393e-05,0.0015935835487263,3.1510086402478055e-07,5.5864656980391284e-08,3.4691142081538656e-08,2.6390736543316327
reactor_0190,600,5,20,1.0,0.3,0.5,2.0,thermal_residence_sensitivity,C3_v3_5_C0,completed,0.1433665000004111,0.02,300.0,2279.3925277069075,2266.483854732155,780,529,True,,0.0637591842932256,175612.99701676963,0.0040781160590555,7.378133114961956e-07,1.1708085058799529e-07,8.88658990401197e-08,0.0071928697951976,0.0010457755039136,0.3013628622069134,0.0058372448850025,1.0560751376986085e-06,1.6758463622165879e-07,1.271989337996499e-07,0.0102955732040227,0.0014968793488664,0.0049357282246711,1.369099694399541e-06,2.0785017417531538e-07,6.104622877878547e-08,0.0005848928045519,0.0013497236288073,0.2189815625971298,1.791997237357283,0.0004970741415151,7.546342119175547e-05,2.2163836488374028e-05,0.0016597217773614,3.0027708946591933e-07,4.7649854643397385e-08,3.6166863759108216e-08,2.7479960461252273
reactor_0197,750,5,5,1.0,0.3,0.5,0.5,thermal_residence_sensitivity,C3_v3_5_C0,completed,0.1188286999995398,0.005,300.0,2383.7958864342613,2407.9929471300384,720,557,True,,0.2449202649456006,674588.0179305883,0.0065709600742812,1.2875799114791628e-06,2.182945142067848e-07,1.6316592143774318e-07,0.0118997350155116,0.0017459641251749,0.2944377367798272,0.0093130832200286,1.82489906078972e-06,3.093908583070937e-07,2.31256587750395e-07,0.0168656058236468,0.0024745712975158,0.0079789430478885,2.39710831956281e-06,3.888053440575853e-07,1.1245481065699969e-07,0.0009708144908916,0.0022608230993392,0.2146526078423653,2.896886385959794,0.0008703095654317,0.000141162169128,4.082856690074458e-05,0.0026605532957069,5.213355336581777e-07,8.838650404844292e-08,6.606517542655118e-08,4.442390754717361
reactor_0198,750,5,5,1.0,0.3,0.5,2.0,thermal_residence_sensitivity,C3_v3_5_C0,completed,0.1165060000002995,0.005,300.0,2377.9778175271726,2396.126919277835,750,544,True,,0.2449202649456006,674588.0179305883,0.0066160772618182,1.269542951799486e-06,2.1221965832649764e-07,1.649425046993851e-07,0.0116091938600305,0.0016288007542613,0.2949445410472734,0.0093837685784967,1.8006284976294438e-06,3.009971139599769e-07,2.339425964368632e-07,0.0164656463723784,0.002310173949551,0.0080317112108674,2.362935380848007e-06,3.778905174948903e-07,1.1365070798525377e-07,0.0009468735881747,0.0021085806036569,0.2149681110766501,2.916044734631817,0.0008579025184911,0.0001371993619886,4.126275707711659e-05,0.0026786144084139,5.139927948568054e-07,8.592019289475845e-08,6.677935461809322e-08,4.471752022017661
reactor_0199,750,5,20,1.0,0.3,0.5,0.5,thermal_residence_sensitivity,C3_v3_5_C0,completed,0.1065224999993006,0.02,300.0,2393.6017349444587,2408.736102881873,740,589,True,,0.0612300662364001,168647.0044826471,0.0033734110173292,7.737720538071367e-07,1.892690630826365e-07,7.474278007182108e-08,0.0102415139982577,0.0023966837320802,0.2961833562970768,0.004793025353281,1.099394367453665e-06,2.689181405072396e-07,1.0619638046435509e-07,0.014551395011597,0.00340526720066,0.004093080054985,1.43943132762307e-06,3.368476168517947e-07,5.1473330731726855e-08,0.0008348867443488,0.0031010333518106,0.2157584391415476,1.4860599727012205,0.0005226091966678,0.0001222980624807,1.868823854761121e-05,0.0013754656648698,3.154957658524921e-07,7.717206600527304e-08,3.0475422993993483e-08,2.278957063327861
reactor_0200,750,5,20,1.0,0.3,0.5,2.0,thermal_residence_sensitivity,C3_v3_5_C0,completed,0.1101536999995005,0.02,300.0,2371.04271987838,2361.5882420939124,760,538,True,,0.0612300662364001,168647.00448264708,0.0036453809382395,7.833146908106902e-07,1.6190948008127894e-07,7.96084464473974e-08,0.0090724774556881,0.0018796178367068,0.2981883897141921,0.0051942442741222,1.1161324197695885e-06,2.307021965842692e-07,1.1343278634985453e-07,0.0129272262281233,0.0026782370213872,0.0044187281190595,1.455752565150527e-06,2.878720545243508e-07,5.477035489823608e-08,0.0007388608969199,0.0024296216509156,0.2170057560042702,1.6042918535116824,0.0005285348901477,0.0001045166797963,1.9885277348968306e-05,0.0014853518492132,3.191704637248175e-07,6.597185581378944e-08,3.243736529788746e-08,2.460236689789708
reactor_0027,750,5,5,1.0,0.3,0.5,0.0,primary_map,Konnov_2026,completed,0.1534571000011055,0.005,300.0,2395.52406896746,2415.9754820506896,610,536,True,,0.2449683354375686,674682.1929139656,0.0054630038464158,1.1579038962780474e-06,2.7783528024028655e-07,1.0292118047434589e-07,0.0115212745454343,0.0020238103807424,0.2947038400009896,0.0077456877780583,1.641727209006316e-06,3.9392711317282155e-07,1.459261886162691e-07,0.016335371151674,0.0028694476101292,0.0066329199347104,2.155473530985925e-06,4.948043492249175e-07,7.092674859876797e-08,0.0009398449177352,0.0026203409084458,0.2148251902104085,2.408327020576751,0.0007826244245232,0.000179657028257,2.5752580584937267e-05,0.0022170201050113,4.699056215022903e-07,1.1275232811309613e-07,4.1767923427846757e-08,3.6932414493015884
reactor_0031,750,5,20,1.0,0.3,0.5,0.0,primary_map,Konnov_2026,completed,0.1570962000005238,0.02,300.0,2409.3351053212555,2423.541461950506,640,546,True,,0.0612420838593921,168670.5482284914,0.0034388542761803,8.077772002647274e-07,2.565822449711906e-07,6.768957607350719e-08,0.0107331373499494,0.0025294870230033,0.2953946337659872,0.0048805394352307,1.1464249904626036e-06,3.641502850632204e-07,9.606735815155033e-08,0.0152328350936583,0.0035899343720911,0.0041740924458554,1.503269381040282e-06,4.568227861967644e-07,4.663394207490473e-08,0.0008753009514146,0.0032741266554489,0.2152667993991038,1.515558716626954,0.0005458175743414,0.0001658664163659,1.6932178268469817e-05,0.0014018389303288,3.292880231089492e-07,1.0459500488962833e-07,2.759345854651909e-08,2.3242078908788137
reactor_0185,600,5,5,1.0,0.3,0.5,0.0,thermal_residence_sensitivity,Konnov_2026,completed,0.1525741000004927,0.005,300.0,2298.5051339333054,2323.8787782208,590,567,True,,0.2550890382923554,702556.236241653,0.0047614516071334,9.125055933518316e-07,1.969966317012433e-07,8.225018307588081e-08,0.0087665076405778,0.0013335730177515,0.2990348578780951,0.0067927081120181,1.3017845517818029e-06,2.810362739364058e-07,1.1733847824001593e-07,0.0125063389229892,0.001902481218559,0.0057690657019116,1.695112691847577e-06,3.50104568341555e-07,5.6563337582777686e-08,0.0007136333683707,0.0017230490441841,0.2175274595632465,2.094672776116218,0.000615473387118,0.0001271184184738,2.053741272553971e-05,0.001935174216317,3.708653247370981e-07,8.00644076269535e-08,3.3428552195582095e-08,3.2121780690464896
reactor_0186,600,5,5,1.0,0.3,0.5,0.5,thermal_residence_sensitivity,Konnov_2026,completed,0.1918045999991591,0.005,300.0,2296.547560689224,2320.112763406883,660,567,True,,0.2550890382923555,702556.2362416531,0.0047485459876332,9.05320454587262e-07,1.9435669259614337e-07,8.170370542228546e-08,0.0086776907057104,0.001307499444557,0.2991757776900464,0.0067756590546795,1.2917938989084566e-06,2.7732587774368506e-07,1.1658230811855465e-07,0.012382121549835,0.0018656596089779,0.0057530421923175,1.6816521765524676e-06,3.4538961689611065e-07,5.618374805361494e-08,0.000706355775295,0.0016892469870198,0.217615337415257,2.088854848039305,0.00061058604896,0.000125406480884,2.0399588701006152e-05,0.0019299739650674,3.679536666480359e-07,7.899330818824777e-08,3.3207222742544616e-08,3.2032531057856883
reactor_0187,600,5,5,1.0,0.3,0.5,2.0,thermal_residence_sensitivity,Konnov_2026,completed,0.1876083999995899,0.005,300.0,2290.680794853753,2308.8300145613566,670,573,True,,0.2550890382923555,702556.2362416531,0.0047091530564725,8.837797746453139e-07,1.8659665017578693e-07,8.00660601171616e-08,0.0084173331884056,0.0012316076890499,0.2995876873732952,0.0067234013046003,1.2617993126519144e-06,2.664097229758958e-07,1.1431275360779385e-07,0.0120176830656199,0.0017584038242147,0.005704197344105,1.6413179707501451e-06,3.315342842416227e-07,5.504682038860156e-08,0.0006850285583759,0.0015908852553641,0.2178722196965052,2.071119918487305,0.0005959412230547,0.0001203757896742,1.998678504242973e-05,0.0019140977694214,3.592240207574771e-07,7.584468536058502e-08,3.254391293695257e-08,3.1760471798034664
reactor_0188,600,5,20,1.0,0.3,0.5,0.0,thermal_residence_sensitivity,Konnov_2026,completed,0.1557470000007015,0.02,300.0,2316.6916353647493,2329.7610433348955,610,515,True,,0.0637722595730888,175639.05906041324,0.0033680009150232,7.133816632661797e-07,1.852810654119654e-07,5.915709633659898e-08,0.0081458935647262,0.0016534470819535,0.2996209648372063,0.0048088260012528,1.018565130380243e-06,2.645439913387746e-07,8.446440194037037e-08,0.0116306930329986,0.0023607889427604,0.0040797130525631,1.3248792225744423e-06,3.292011346337296e-07,4.0672073165681857e-08,0.0006629466360531,0.0021358091675659,0.217899270798606,1.481290785566606,0.0004810464263301,0.0001195286533754,1.4767501153632191e-05,0.0013730246675948,2.908225519491932e-07,7.553307723704105e-08,2.411642828573052e-08,2.2716033594021745
reactor_0189,600,5,20,1.0,0.3,0.5,0.5,thermal_residence_sensitivity,Konnov_2026,completed,0.1714171999992686,0.02,300.0,2309.12151070246,2314.547387517573,710,522,True,,0.0637722595730888,175639.05906041324,0.0033637105855334,6.984563994230153e-07,1.752083679271045e-07,5.7926964227626296e-08,0.0077931893415158,0.0015307238600403,0.3001891188229382,0.0048065994342296,9.980645031529544e-07,2.50365309599658e-07,8.277516938604158e-08,0.0111361362778582,0.0021873393243981,0.004073410829458,1.2968084229485777e-06,3.112198598358523e-07,3.981552116687928e-08,0.0006340700536239,0.0019767473836358,0.2182532398339458,1.4790025302667884,0.0004708542838207,0.000112999886198,1.4456498255428908e-05,0.0013712379391722,2.847301779961637e-07,7.142480164475953e-08,2.3614294104735138e-08,2.2680848029872083
reactor_0190,600,5,20,1.0,0.3,0.5,2.0,thermal_residence_sensitivity,Konnov_2026,completed,0.1858116999974299,0.02,300.0,2286.43865175498,2269.199324559767,720,539,True,,0.0637722595730888,175639.05906041324,0.0033276718479763,6.485603965160864e-07,1.472109929187357e-07,5.4006372439384855e-08,0.006826057664374,0.0012021956992675,0.3017283887497033,0.0047655837561803,9.288081973643474e-07,2.108219646150954e-07,7.734293012812484e-08,0.0097756482640782,0.0017216734575746,0.0040268319260164,1.2032901626832425e-06,2.6129802034535165e-07,3.7093692008468816e-08,0.0005549775126794,0.0015513611438727,0.2192125155058127,1.4620903358107311,0.0004368990189704,9.48739151105699e-05,1.3468237463482568e-05,0.0013564825918116,2.6437729674202185e-07,6.000866622080113e-08,2.2015002502566865e-08,2.2421209880588853
reactor_0197,750,5,5,1.0,0.3,0.5,0.5,thermal_residence_sensitivity,Konnov_2026,completed,0.2019168999977409,0.005,300.0,2393.562065447092,2412.1154765109063,680,539,True,,0.2449683354375686,674682.1929139656,0.0054567223157497,1.1510679485192012e-06,2.745964677598002e-07,1.0243728105394179e-07,0.0114078389139172,0.0019871045585313,0.2948920892886483,0.0077388471081606,1.6324706205011095e-06,3.894389264230097e-07,1.452788707909934e-07,0.0161788553788999,0.0028181566655899,0.0066246796911032,2.1425497849373355e-06,4.889909755291242e-07,7.05867388233916e-08,0.0009305052626709,0.0025725775751822,0.2149425093707255,2.405335095220988,0.0007779319803022,0.0001775462678242,2.562912745458753e-05,0.0022145110936898,4.67139904522772e-07,1.1143996138249149e-07,4.15722996654289e-08,3.6886495221965965
reactor_0198,750,5,5,1.0,0.3,0.5,2.0,thermal_residence_sensitivity,Konnov_2026,completed,0.1882790999989083,0.005,300.0,2387.675160749065,2400.5406559347307,690,540,True,,0.2449683354375686,674682.1929139656,0.0054361067921114,1.1301977729737393e-06,2.650116201615595e-07,1.0096197655135509e-07,0.0110740851352419,0.0018798115275524,0.2954440815823058,0.0077156498866973,1.6041278533462043e-06,3.761399389799008e-07,1.4329874167844266e-07,0.0157178228807052,0.0026680799613097,0.0065978644383393,2.10313323109874e-06,4.717948461595933e-07,6.95513071539326e-08,0.0009030372997359,0.0024330130924331,0.2152865332253468,2.3955988254588902,0.0007636203418983,0.0001713025767473,2.5253175672858717e-05,0.002206267179745,4.58695597509484e-07,1.07556098909237e-07,4.097584977371776e-08,3.6737075139051725
reactor_0199,750,5,20,1.0,0.3,0.5,0.5,thermal_residence_sensitivity,Konnov_2026,completed,0.1776600000011967,0.02,300.0,2401.783917365936,2408.006639314667,710,491,True,,0.0612420838593921,168670.5482284914,0.0034658733510921,8.005112440213333e-07,2.441817851229734e-07,6.68699741482766e-08,0.0102788157299379,0.0023615010672225,0.2961573134961813,0.0049242159044205,1.1373439823573278e-06,3.4692664966924906e-07,9.500698867873198e-08,0.0146038538540418,0.0033551546567213,0.0042053091823072,1.4891882784356925e-06,4.345816394077183e-07,4.605199427177584e-08,0.0008379358006242,0.0030555410169191,0.2157415854819641,1.5268931079102657,0.0005407049089971,0.0001577909450338,1.6720880584699145e-05,0.0014127693688399,3.263067199523928e-07,9.953408895962244e-08,2.7257733218103227e-08,2.3415807226375827
reactor_0200,750,5,20,1.0,0.3,0.5,2.0,thermal_residence_sensitivity,Konnov_2026,completed,0.2011415000015404,0.02,300.0,2379.13838648368,2361.3770210112666,740,503,True,,0.0612420838593921,168670.5482284914,0.0035471518212189,7.746450568966911e-07,2.094084784428334e-07,6.443140756588929e-08,0.0090307522983596,0.0018947171664409,0.2982346807072606,0.0050546125944123,1.1038520080721603e-06,2.98402432673478e-07,9.181332533050396e-08,0.01286862153214,0.0026999298972917,0.0042995710728982,1.4396106118417523e-06,3.723166715084762e-07,4.4327681665065196e-08,0.0007354475549057,0.0024490884734791,0.2170349429312794,1.5611183752669775,0.0005227039026152,0.0001351833444442,1.6094805088004088e-05,0.0014455746084907,3.156919357508376e-07,8.534046313687644e-08,2.6257801036145274e-08,2.3940370697597215
reactor_0027,750,5,5,1.0,0.3,0.5,0.0,primary_map,MEI_2019,completed,0.0988045999993119,0.005,300.0,2380.2145228566424,2410.63291666936,730,546,True,,0.2449824559105842,674758.2923588217,0.006818022891646,1.2258255247268684e-06,3.456251868859009e-07,1.6293973679887078e-07,0.0121016251586292,0.0017336557666016,0.2942059438939402,0.0096600741146245,1.736803411876089e-06,4.896969362320101e-07,2.308601714469324e-07,0.0171461137337925,0.0024563195901173,0.008279853019505,2.282389510454303e-06,6.156621048126859e-07,1.1231124120124549e-07,0.0009873935637993,0.0022451314318307,0.2145071518589404,3.006141236450868,0.0008286602683473,0.0002235265815271,4.077650324186844e-05,0.0027594374789478,4.961246022988279e-07,1.398838210898181e-07,6.59460995772848e-08,4.609859179180848
reactor_0031,750,5,20,1.0,0.3,0.5,0.0,primary_map,MEI_2019,completed,0.115318400000433,0.02,300.0,2398.7963204950206,2424.3429881949223,670,596,True,,0.061245613977646,168689.5730897055,0.0032618467387508,7.064352793645366e-07,2.462352853836971e-07,6.869505076225297e-08,0.010645244977792,0.0025941879817915,0.2955066443185887,0.0046300603298037,1.0027564826090477e-06,3.495210897277086e-07,9.750986323470527e-08,0.0151104973410225,0.0036823455620561,0.0039590539730859,1.314610754829344e-06,4.383802955821681e-07,4.7324426954409214e-08,0.0008680924001631,0.0033577166420627,0.2153383013012587,1.437401772445921,0.0004772917575547,0.0001591614103164,1.718193680780578e-05,0.0013304923057212,2.881517063688033e-07,1.004382421491554e-07,2.8020395745298413e-08,2.204308754102238
reactor_0185,600,5,5,1.0,0.3,0.5,0.0,thermal_residence_sensitivity,MEI_2019,completed,0.1435114999994766,0.005,300.0,2284.0317404405623,2314.81535769918,750,600,True,,0.2550961973071423,702614.6988461135,0.0067222435411174,1.0145762700790134e-06,3.000590906506672e-07,1.696170195834346e-07,0.0097839980945045,0.0009660581168244,0.2980572283172198,0.0095766262041592,1.4453831722588314e-06,4.274694501537925e-07,2.4163938489858456e-07,0.0139384555111938,0.0013762633590606,0.0081482211551699,1.8855158862334093e-06,5.334923804335181e-07,1.1669440585104137e-07,0.0007967963714159,0.0012487242574402,0.2169074084029113,2.9583500529024875,0.000684568559881,0.0001936934677917,4.2367885597191056e-05,0.0027213697007222,4.1073149218361566e-07,1.214730934290522e-07,6.866615513076813e-08,4.5364414099623085
reactor_0186,600,5,5,1.0,0.3,0.5,0.5,thermal_residence_sensitivity,MEI_2019,completed,0.1241374000001087,0.005,300.0,2282.1101686556617,2310.969205746064,790,587,True,,0.2550961973071422,702614.6988461134,0.0067204314463248,1.0058028039410782e-06,2.987500311828302e-07,1.7004497094376579e-07,0.0097097649093993,0.0009411770224006,0.2981804508395577,0.0095757256325564,1.4331359181206604e-06,4.256792669001776e-07,2.422915849910188e-07,0.0138351302995402,0.0013410527300451,0.0081455411952789,1.869100102139363e-06,5.311334032564874e-07,1.1698188776247121e-07,0.0007907039838873,0.0012164908149332,0.2169842032154296,2.9573770479564527,0.0006786085307141,0.0001928370010704,4.2472260786780425e-05,0.002720652395422,4.0718216229420713e-07,1.2094387011632632e-07,6.88398150063164e-08,4.534943633967561
reactor_0187,600,5,5,1.0,0.3,0.5,2.0,thermal_residence_sensitivity,MEI_2019,completed,0.1389521999999488,0.005,300.0,2276.352482663104,2299.4527207304327,800,603,True,,0.2550961973071423,702614.6988461135,0.0067120573521763,9.790987346152895e-07,2.948478158128953e-07,1.7127157367901656e-07,0.0094925311907308,0.0008695923815085,0.2985398018450689,0.0095686930916839,1.395800841146281e-06,4.203343491026876e-07,2.44164350492753e-07,0.0135325300219446,0.0012396888430673,0.0081339862038493,1.819161231551949e-06,5.241053036593255e-07,1.1780537467619045e-07,0.0007728802834834,0.0011237720546794,0.217208178919361,2.9531818121060684,0.0006604773757503,0.0001902853301696,4.277124169419237e-05,0.0027173279115033,3.963810468373118e-07,1.193670073892313e-07,6.933805883738317e-08,4.528493346587202
reactor_0188,600,5,20,1.0,0.3,0.5,0.0,thermal_residence_sensitivity,MEI_2019,completed,0.1160086999998384,0.02,300.0,2306.0674362682944,2327.846771957906,720,534,True,,0.0637740493267855,175653.67471152838,0.0038802812467573,7.281168500593773e-07,1.9698848940457106e-07,8.00910767914551e-08,0.0083491479523633,0.0015402715699258,0.2994531599028379,0.0055389319095624,1.039354984398176e-06,2.811924601319304e-07,1.1432651210067109e-07,0.0119180438401596,0.00219867035545,0.004700583184793,1.3523420414070458e-06,3.500275712485754e-07,5.506868607488372e-08,0.0006795370144343,0.0019897594057053,0.217792840737664,1.706626544442987,0.0004909907418504,0.0001270834534557,1.9993621584453024e-05,0.001580246042063,2.965258694656002e-07,8.022363867920668e-08,3.2617122073312355e-08,2.617099196752356
reactor_0189,600,5,20,1.0,0.3,0.5,0.5,thermal_residence_sensitivity,MEI_2019,completed,0.1257088000002113,0.02,300.0,2298.598004535353,2312.291683179333,810,584,True,,0.0637740493267855,175653.67471152838,0.0039623882345859,7.228411149936259e-07,1.9070200997551283e-07,8.200075292033783e-08,0.0080445792935427,0.0013999701345281,0.2999702683712397,0.0056603142060361,1.0325863064584275e-06,2.72419872127154e-07,1.1713895741191813e-07,0.0114917680350882,0.0019998723929493,0.0047988524280417,1.342209000431588e-06,3.387727791020052e-07,5.6367692095517536e-08,0.0006545851205873,0.0018080642935174,0.2181146028202509,1.7423048618852146,0.0004873117692582,0.0001229972100527,2.0465247778278704e-05,0.0016133252767364,2.9431185760762857e-07,7.76461958806765e-08,3.33874117238359e-08,2.671797689441139
reactor_0190,600,5,20,1.0,0.3,0.5,2.0,thermal_residence_sensitivity,MEI_2019,completed,0.1511698000003889,0.02,300.0,2276.2535483974243,2265.872296096463,810,534,True,,0.0637740493267855,175653.67471152838,0.0041705129074632,6.925801532935406e-07,1.7416711379346427e-07,8.778791255705838e-08,0.0072310265795343,0.0010297946788545,0.3013431720366448,0.0059693296344367,9.913023469798062e-07,2.492885016255783e-07,1.2565240765336496e-07,0.0103498975321166,0.0014739635220577,0.0050475984438413,1.2851750935548118e-06,3.09196343951626e-07,6.030621817261795e-08,0.0005880005182933,0.0013291093117742,0.2189691059516897,1.832616326803315,0.0004666046408907,0.0001122589830427,2.1895196549508985e-05,0.0016970904201179,2.818289187440106e-07,7.087313883852074e-08,3.5723190098783136e-08,2.8102429642061093
reactor_0197,750,5,5,1.0,0.3,0.5,0.5,thermal_residence_sensitivity,MEI_2019,completed,0.1266432000002169,0.005,300.0,2378.271404505325,2406.6529452528803,770,585,True,,0.2449824559105842,674758.292358822,0.0068384523806037,1.2205006953843364e-06,3.445785354138876e-07,1.6384353317073224e-07,0.0120063877910023,0.0016930318309532,0.294374313665985,0.0096913314141552,1.7296715794535292e-06,4.883304875196648e-07,2.321961010545969e-07,0.0170152362981285,0.0023993341848836,0.0083039665625904,2.272284604407468e-06,6.137462510178519e-07,1.1292474364890041e-07,0.0009795408539174,0.002192338533285,0.214611919102391,3.014896067732902,0.0008249915106186,0.0002228309982744,4.0999245723192016e-05,0.0027676026656508,4.939510857098676e-07,1.3945501409682378e-07,6.630941825947815e-08,4.623278460774735
reactor_0198,750,5,5,1.0,0.3,0.5,2.0,thermal_residence_sensitivity,MEI_2019,completed,0.1231933999997636,0.005,300.0,2372.4443491739016,2394.718779913579,780,556,True,,0.2449824559105843,674758.292358822,0.0068956974929832,1.203305373565537e-06,3.415539095616569e-07,1.665426541996607e-07,0.0117275163709399,0.0015751059074398,0.294865974047274,0.009779272080462,1.7064917154433415e-06,4.843815459056511e-07,2.3618581442675437e-07,0.0166316131959376,0.0022337681199139,0.0083714350608476,2.239723968787044e-06,6.08210395990292e-07,1.1475701345705394e-07,0.0009565555198858,0.0020391360420644,0.2149178727013075,3.0393916516876707,0.0008131698189541,0.0002208211121039,4.166448239027037e-05,0.0027904800871057,4.869412683863593e-07,1.382165305648531e-07,6.739477198220685e-08,4.660823388798333
reactor_0199,750,5,20,1.0,0.3,0.5,0.5,thermal_residence_sensitivity,MEI_2019,completed,0.1454532999996445,0.02,300.0,2391.1777503636,2408.714691874734,790,595,True,,0.061245613977646,168689.5730897055,0.0033343210161012,7.092016886592636e-07,2.364081345464473e-07,6.962210257846523e-08,0.0102094612688475,0.0024127334599488,0.29625038670886,0.004737936551763,1.0077471806238395e-06,3.359264859001005e-07,9.893021788370445e-08,0.0145072353519346,0.0034283975641073,0.0040455326226688,1.319273955770637e-06,4.207300973258745e-07,4.794545855787032e-08,0.0008322495070692,0.0031217086951105,0.215800966443582,1.4687993146452083,0.0004789848118408,0.0001527532061267,1.7407412876995144e-05,0.0013598096879222,2.892280983962665e-07,9.641245402212923e-08,2.8393429763523826e-08,2.252449313175411
reactor_0200,750,5,20,1.0,0.3,0.5,2.0,thermal_residence_sensitivity,MEI_2019,completed,0.1380650000000969,0.02,300.0,2368.444250491703,2361.5381528915323,790,577,True,,0.061245613977646,168689.5730897055,0.0036162914919721,7.204797574660769e-07,2.1098237917962453e-07,7.432793536876768e-08,0.0090473681728175,0.0018918702438519,0.2982415023623523,0.0051531851828596,1.0266776389476597e-06,3.0064812879339736e-07,1.059166873204674e-07,0.0128924241078291,0.0026958993018547,0.0043833666928755,1.3389460772433242e-06,3.751141319840787e-07,5.1136204151455944e-08,0.0007367990553052,0.0024454030487499,0.2170394167201562,1.591455710493537,0.0004861271095879,0.0001361915553182,1.8565867245847567e-05,0.001473736705959,2.936150105253652e-07,8.598103255719687e-08,3.029064633596863e-08,2.4405138444440766
reactor_0027,750,5,5,1.0,0.3,0.5,0.0,primary_map,MEI_2021,completed,0.0946564999994734,0.005,300.0,2402.863484929956,2420.785810739878,660,533,True,,0.2446218900374228,674303.1820303703,0.005082261294757,1.1213624656895796e-06,2.466478242752935e-07,9.381566267729067e-08,0.011473479580674,0.0021709008705383,0.2946722671360999,0.0072055316386343,1.5898459871078932e-06,3.496925085786845e-07,1.3301002967282066e-07,0.016266877149559,0.0030778612117286,0.0061708033642231,2.087505667707065e-06,4.392733676950191e-07,6.465351075704348e-08,0.0009359707736978,0.0028108614531692,0.214807847826472,2.238627404160107,0.0007572996769209,0.0001593584077789,2.3454826286479677e-05,0.0020645005397721,4.555164092182026e-07,1.001925199861877e-07,3.8109509724766866e-08,3.433031838590268
reactor_0031,750,5,20,1.0,0.3,0.5,0.0,primary_map,MEI_2021,completed,0.0979882000010547,0.02,300.0,2414.537523990413,2427.982513686461,650,518,True,,0.0611554725093557,168575.7955075926,0.0031231277707959,7.590269885473811e-07,2.4275495761965866e-07,6.152648972181631e-08,0.0107365069590412,0.0026766448644647,0.2953114162190327,0.0044319261623893,1.0771098127840586e-06,3.444854410967899e-07,8.7310183729243e-08,0.0152358179288716,0.0037983372032271,0.0037910476783945,1.4126144442996842e-06,4.322255833986743e-07,4.239002534806534e-08,0.00087561849668,0.0034647745169227,0.2152166624766086,1.375306053752387,0.0005124644588184,0.0001568016315971,1.5378139085974187e-05,0.0012742764362486,3.096928070080867e-07,9.904715560146153e-08,2.5103601841311934e-08,2.10913846570208
reactor_0185,600,5,5,1.0,0.3,0.5,0.0,thermal_residence_sensitivity,MEI_2021,completed,0.0957204999995156,0.005,300.0,2306.0966707665566,2328.531726529668,630,561,True,,0.2547114700249454,702115.2306164376,0.0044747899163158,8.944106128641029e-07,1.7472023431304214e-07,7.555881719863414e-08,0.0087156826080469,0.0014366773647656,0.2990357281397371,0.0063837631901556,1.2759717560075638e-06,2.492569754651812e-07,1.0779267964415849e-07,0.0124338471416192,0.0020495728847247,0.0054217762514084,1.661509443798922e-06,3.105167346294759e-07,5.196203307721824e-08,0.0007095006040375,0.0018562775773597,0.2175295100612842,1.9668973680148247,0.0006027579155615,0.0001126484236431,1.885064623788726e-05,0.0018199625556191,3.637698875707689e-07,7.106127664213075e-08,3.073087689479781e-08,3.0162594698576672
reactor_0186,600,5,5,1.0,0.3,0.5,0.5,thermal_residence_sensitivity,MEI_2021,completed,0.1273471000004065,0.005,300.0,2304.123066191625,2324.7445832990206,650,558,True,,0.2547114700249455,702115.2306164381,0.0044637024333873,8.876360911624548e-07,1.7224407006170853e-07,7.50414520620861e-08,0.0086254670523035,0.0014091416691648,0.2991792645274022,0.0063692499486009,1.2665665358258532e-06,2.457747913887792e-07,1.0707652936593259e-07,0.012307665306859,0.0020107020209877,0.0054079715469282,1.6488116414037238e-06,3.060950516052614e-07,5.160270120102191e-08,0.0007021084601526,0.0018205748933948,0.2176190020895007,1.961889334549524,0.0005981514410497,0.0001110443373992,1.8720288788822337e-05,0.0018154839435493,3.610207210872437e-07,7.005537403874995e-08,3.0520975211146376e-08,3.0085765218596685
reactor_0187,600,5,5,1.0,0.3,0.5,2.0,thermal_residence_sensitivity,MEI_2021,completed,0.1097904999987804,0.005,300.0,2298.205667390423,2313.397962626395,690,560,True,,0.2547114700249454,702115.2306164376,0.0044296847930192,8.672688573233837e-07,1.6497716274485445e-07,7.348707791717195e-08,0.008360999460583,0.0013289452065926,0.2995988289757579,0.0063244965546551,1.238245869942108e-06,2.3554666892346523e-07,1.0492140926850112e-07,0.011937443577309,0.0018974057462657,0.005365684435238,1.610656707018453e-06,2.931223953168644e-07,5.052372079327157e-08,0.0006804448350947,0.0017166197617574,0.217880607102283,1.9465485302028305,0.0005843096968428,0.0001063381521332,1.8328859186098988e-05,0.0018017412967193,3.527551481903617e-07,6.710323217611682e-08,2.989032160194656e-08,2.9850420834910483
reactor_0188,600,5,20,1.0,0.3,0.5,0.0,thermal_residence_sensitivity,MEI_2021,completed,0.0921639999996841,0.02,300.0,2322.546944933067,2334.198734211494,650,510,True,,0.0636778675062363,175528.8076541094,0.0031070219473631,6.831908489957948e-07,1.7260157290993873e-07,5.4088425219211896e-08,0.0081277572625374,0.0017630260494083,0.2995866310630299,0.0044359832138537,9.754109206006243e-07,2.464281530946493e-07,7.722357627368374e-08,0.0116042291923597,0.0025171222132497,0.0037636675647692,1.2688372089573015e-06,3.066793621179699e-07,3.71880423162033e-08,0.000661485125634,0.0022774056494008,0.2178790766203825,1.365373169965155,0.0004603053410935,0.0001112563119914,1.3490977709447592e-05,0.0012675288741746,2.787119442168571e-07,7.04138821989882e-08,2.2065708541958858e-08,2.093857160341641
reactor_0189,600,5,20,1.0,0.3,0.5,0.5,thermal_residence_sensitivity,MEI_2021,completed,0.1230689999993046,0.02,300.0,2314.996538955796,2318.9132124863745,700,511,True,,0.0636778675062363,175528.8076541094,0.0031098699838913,6.707318292473863e-07,1.6272115160527313e-07,5.2989149808962367e-08,0.0077695849163356,0.0016343765584166,0.3001649642050711,0.0044437186262887,9.584141904034789e-07,2.3251358289091855e-07,7.571662906069432e-08,0.0111020233611344,0.0023353740164782,0.003766076041435,1.2453536507738436e-06,2.890438465464266e-07,3.642217255431554e-08,0.0006321601166947,0.002110637771264,0.2182393265544829,1.366246910635243,0.0004517860391819,0.0001048585472086,1.3213137542489791e-05,0.0012686225216498,2.736144948110953e-07,6.637953314592897e-08,2.161608980405365e-08,2.0951882645295443
reactor_0190,600,5,20,1.0,0.3,0.5,2.0,thermal_residence_sensitivity,MEI_2021,completed,0.1335680000011052,0.02,300.0,2292.357443631492,2273.3272804868943,710,524,True,,0.0636778675062363,175528.8076541094,0.003096226719499,6.277492708596949e-07,1.355564195449506e-07,4.9487646035418695e-08,0.006788096873592,0.0012887645654517,0.301731228856932,0.0044341474908444,8.990080851418682e-07,1.941321524705227e-07,7.087191648912964e-08,0.0097213238714369,0.0018456568855887,0.0037467706005646,1.1646823571442744e-06,2.406120126401909e-07,3.3990158522444243e-08,0.0005518928963037,0.0016630781797565,0.2192152548392057,1.3592433348557174,0.0004225203248188,8.728857710640431e-05,1.233085805022559e-05,0.0012628974996451,2.560481051274673e-07,5.5291126527021024e-08,2.0185157646196392e-08,2.084421082007433
reactor_0197,750,5,5,1.0,0.3,0.5,0.5,thermal_residence_sensitivity,MEI_2021,completed,0.123058499999388,0.005,300.0,2400.9060442466134,2416.907100332748,680,537,True,,0.2446218900374228,674303.1820303706,0.0050787693914291,1.1153407144428015e-06,2.435074072811246e-07,9.337218766585e-08,0.0113585473315999,0.0021322078233848,0.2948636889421173,0.0072025356116035,1.581737739146504e-06,3.453338077510175e-07,1.3241721664534353e-07,0.0161083001307354,0.0030238236067945,0.006165981956562,2.076099874006446e-06,4.336394645378813e-07,6.434181894276957e-08,0.0009265075675862,0.002760501691762,0.2149271164546878,2.236878306890325,0.0007531619138392,0.0001573145555841,2.3341751570611812e-05,0.002063100735851,4.530743712393826e-07,9.891772443826243e-08,3.7929705846957275e-08,3.430345976296343
reactor_0198,750,5,5,1.0,0.3,0.5,2.0,thermal_residence_sensitivity,MEI_2021,completed,0.1244833999990078,0.005,300.0,2395.0307121643145,2405.274968803523,690,539,True,,0.2446218900374228,674303.1820303703,0.0050664226278502,1.0968302495852934e-06,2.3425017130598087e-07,9.2015515470089e-08,0.0110203698321415,0.002019044098434,0.295425006600925,0.0071907499915777,1.5567260545167302e-06,3.3247017492898773e-07,1.305971916859827e-07,0.0156411594725724,0.002865619866373,0.0061492956183252,2.0410813123406443e-06,4.170390676246305e-07,6.338946177837725e-08,0.0008986747696161,0.0026132712503792,0.2152768709646535,2.2308248821015,0.0007404579744699,0.0001512923083569,2.2996258006659102e-05,0.0020581440574253,4.455677755304438e-07,9.51599646215946e-08,3.737966614049556e-08,3.4210521317181604
reactor_0199,750,5,20,1.0,0.3,0.5,0.5,thermal_residence_sensitivity,MEI_2021,completed,0.1222500999992917,0.02,300.0,2407.002087935668,2412.446486935114,680,507,True,,0.0611554725093557,168575.7955075926,0.0031434266090152,7.520753694983568e-07,2.300969142351027e-07,6.059781129695911e-08,0.0102707124326062,0.0025056189836774,0.2960909402207465,0.004465671474666,1.0684268927213529e-06,3.268844334909701e-07,8.608755698635651e-08,0.0145909649690076,0.0035595776881507,0.0038142229456798,1.399139588814189e-06,4.095306500271938e-07,4.173416528581106e-08,0.000837308966253,0.0032421455610053,0.2157019294696691,1.3837135147232318,0.0005075760870819,0.0001485684248682,1.5140207941195047e-05,0.0012824867377139,3.068392576358329e-07,9.387724849344248e-08,2.472330325764757e-08,2.1220239378135184
reactor_0200,750,5,20,1.0,0.3,0.5,2.0,thermal_residence_sensitivity,MEI_2021,completed,0.1181218000001536,0.02,300.0,2384.413943429507,2365.732921060809,710,500,True,,0.0611554725093557,168575.7955075926,0.0032245042368174,7.316482423843094e-07,1.9487154476989814e-07,5.8146264448580974e-08,0.0089949606096513,0.0020245364597066,0.2982119430460199,0.0045946980785238,1.0425487227011725e-06,2.77678627954589e-07,8.285445138658712e-08,0.0128172038844502,0.0028848260377838,0.0039085548561145,1.3597295111516476e-06,3.464771149522751e-07,4.0004341207792017e-08,0.0007325460794627,0.0026169389498957,0.2170223459068309,1.417934990813427,0.0004932790053815,0.0001256940334452,1.451266702684978e-05,0.0013152218801833,2.9842720192277015e-07,7.948487602530418e-08,2.3716898362392075e-08,2.1744781760718817
reactor_0027,750,5,5,1.0,0.3,0.5,0.0,primary_map,NUIG_2024,completed,0.169359199999235,0.005,300.0,2402.044759658031,2418.158565908911,680,521,True,,0.2449202653215076,674588.0189659552,0.0049963767473754,1.072034667069316e-06,2.052383005303757e-07,9.743170130551075e-08,0.0113235988018497,0.0021438501002816,0.2948744769500308,0.0070857976119825,1.5203458561992029e-06,2.910663333283305e-07,1.381763928840315e-07,0.0160589830203144,0.0030403807977458,0.0060659361742465,1.9954847703537144e-06,3.654886834589105e-07,6.713901847756902e-08,0.0009236545085621,0.0027755675592334,0.2149344363821852,2.202337805372097,0.0007244935362908,0.0001326966723511,2.437592390709459e-05,0.0020298253644391,4.355242346203136e-07,8.338000299712903e-08,3.9582551238610144e-08,3.377359641224461
reactor_0031,750,5,20,1.0,0.3,0.5,0.0,primary_map,NUIG_2024,completed,0.1794866999998703,0.02,300.0,2412.210256576806,2425.2562131429227,650,490,True,,0.0612300663303769,168647.0047414888,0.0030452143641506,7.200818605132021e-07,1.9953597465956558e-07,6.261004629555197e-08,0.0105883821294156,0.0026468991419805,0.2955125094359654,0.0043225953688865,1.0221357655856773e-06,2.83235653339722e-07,8.887318388779967e-08,0.0150299079419255,0.0037571982149198,0.0036961144262415,1.3400047539135368e-06,3.552397958483833e-07,4.3132398313684934e-08,0.0008634547190892,0.0034259392726152,0.2153424102227478,1.3419350781256718,0.0004865107452748,0.0001289756452913,1.5659925972497592e-05,0.0012425923079697,2.938276502028283e-07,8.142016870604992e-08,2.5547876971933585e-08,2.057947968139291
reactor_0185,600,5,5,1.0,0.3,0.5,0.0,thermal_residence_sensitivity,NUIG_2024,completed,0.1494059000006018,0.005,300.0,2304.7552189419016,2325.719200623127,640,551,True,,0.2550367374843915,702451.9889250176,0.0044366138172919,8.63469365989381e-07,1.4757238849300465e-07,8.164343933011606e-08,0.0086140104125194,0.0014101354714917,0.2991755137336177,0.0063305633639142,1.232076479789517e-06,2.1056968097560536e-07,1.1649627107789653e-07,0.0122912520628528,0.002012109307145,0.0053751661835736,1.6039252813836328e-06,2.622516575347652e-07,5.614273998023805e-08,0.0007011776808773,0.0018218634988475,0.2176168278493468,1.9515424093153024,0.0005823314295953,9.52147736671579e-05,2.0383544304439046e-05,0.0018044690306312,3.511921014521976e-07,6.00209564722598e-08,3.32061937081866e-08,2.9926967452239617
reactor_0186,600,5,5,1.0,0.3,0.5,0.5,thermal_residence_sensitivity,NUIG_2024,completed,0.1757800999994287,0.005,300.0,2302.7723048872786,2321.940657670982,690,553,True,,0.2550367374843915,702451.9889250176,0.0044261031760631,8.570078701710811e-07,1.4561795303146933e-07,8.125599387661075e-08,0.0085247972426473,0.0013827933518389,0.2993176851219569,0.0063168472816864,1.2231047537145949e-06,2.0782307465090625e-07,1.1596695414062753e-07,0.0121664227305795,0.0019734954379142,0.0053620680650071,1.59181476740201e-06,2.587608551805477e-07,5.5872517445908274e-08,0.0006938686569899,0.0017864168278191,0.2177054636126278,1.9467869221374583,0.0005779345084906,9.394738051053108e-05,2.028543557297158e-05,0.0018002235530558,3.4856976705376325e-07,5.9227012649128274e-08,3.3049151405853645e-08,2.9854012119885636
reactor_0187,600,5,5,1.0,0.3,0.5,2.0,thermal_residence_sensitivity,NUIG_2024,completed,0.1749374999999418,0.005,300.0,2296.826811406855,2310.6214501460067,740,561,True,,0.2550367374843915,702451.9889250175,0.0043936748803535,8.375200641769619e-07,1.3988213326457864e-07,8.009121205155871e-08,0.0082631921502599,0.0013031774784518,0.2997333502467676,0.0062742883470201,1.196001643762553e-06,1.9975552643249802e-07,1.1437244952302401e-07,0.0118000652368235,0.0018609732148619,0.0053217283093769,1.555309883087928e-06,2.485191704416965e-07,5.506069533497542e-08,0.0006724423484252,0.00168322850242,0.2179646231985665,1.932140910980758,0.000564680810381,9.02289685716062e-05,1.9990690215489072e-05,0.0017871234514303,3.406605605769579e-07,5.689693652824955e-08,3.257703112054292e-08,2.9629326219998475
reactor_0188,600,5,20,1.0,0.3,0.5,0.0,thermal_residence_sensitivity,NUIG_2024,completed,0.1454047999995964,0.02,300.0,2319.7884398846395,2331.006796166927,660,503,True,,0.0637591843710978,175612.9972312544,0.0031543997779227,6.722871025670419e-07,1.4322721174985946e-07,5.7926481749228193e-08,0.0080581191622713,0.0017136244030698,0.2996972160828395,0.004504337053008,9.599949022144218e-07,2.045218368956276e-07,8.271633796058187e-08,0.0115066216318576,0.0024469764256606,0.0038208531672197,1.248519485245514e-06,2.544731813217607e-07,3.982472730212424e-08,0.0006557823490871,0.0022134717429238,0.2179477978059608,1.387223527782849,0.000453295515171,9.239067005973486e-05,1.4459021659092365e-05,0.0012866230739625,2.7421384712998885e-07,5.841980992594445e-08,2.362717260305755e-08,2.1273512265163292
reactor_0189,600,5,20,1.0,0.3,0.5,0.5,thermal_residence_sensitivity,NUIG_2024,completed,0.1768497000002753,0.02,300.0,2312.2335887715367,2315.7153733322284,760,504,True,,0.0637591843710979,175612.99723125444,0.0031680222777865,6.618629750239914e-07,1.353577139395765e-07,5.726483023120506e-08,0.0077099761380478,0.0015846099124456,0.3002630065332135,0.0045274471799624,9.4587392292188e-07,1.934408430644182e-07,8.183764866781074e-08,0.0110183914957096,0.0022645793022816,0.0038363157888172,1.22882811565811e-06,2.404263150160184e-07,3.935918924098273e-08,0.0006272801996245,0.0020462713312341,0.2183001894871533,1.3928374866403077,0.0004461462398677,8.729072442504706e-05,1.4290000416131644e-05,0.0012920832952392,2.699419444623833e-07,5.520587474697139e-08,2.3355558786710237e-08,2.1359514265538926
reactor_0190,600,5,20,1.0,0.3,0.5,2.0,thermal_residence_sensitivity,NUIG_2024,completed,0.1707005999996909,0.02,300.0,2289.590844334232,2270.148523752463,780,511,True,,0.0637591843710978,175612.9972312544,0.0031786721792569,6.229517127846067e-07,1.1375290622290333e-07,5.506807443000104e-08,0.0067552222901753,0.0012399211303606,0.3017953358246114,0.0045526367014622,8.922193516428895e-07,1.6292200848765549e-07,7.887096327985569e-08,0.0096751320018086,0.0017758705920778,0.0038464167365412,1.1557446964463416e-06,2.0190448339898318e-07,3.782182924616752e-08,0.0005492026983565,0.0015999977987442,0.2192548858664073,1.3965048016933674,0.0004196121035939,7.33047404540052e-05,1.373183660764601e-05,0.0012962079568326,2.540290162990934e-07,4.638648273362801e-08,2.2455815579040325e-08,2.141547637881826
reactor_0197,750,5,5,1.0,0.3,0.5,0.5,thermal_residence_sensitivity,NUIG_2024,completed,0.1852139000002353,0.005,300.0,2400.0786157885427,2414.2793237345086,730,516,True,,0.2449202653215076,674588.0189659552,0.0049949559388769,1.0667086820525434e-06,2.027783413861141e-07,9.71515506082501e-08,0.0112104150135744,0.0021050524435235,0.2950637150375138,0.0070856842603055,1.513198717114284e-06,2.876548501073471e-07,1.3781607314116354e-07,0.0159027351162254,0.0029861598678177,0.0060636459317284,1.985385896233725e-06,3.6107432310801497e-07,6.69397295045173e-08,0.0009143369819295,0.0027250835463216,0.2150523239621093,2.201506295191926,0.0007208269740937,0.0001310939662876,2.4303568770651024e-05,0.00202925867063,4.333627500582481e-07,8.238104850355766e-08,3.94689420386104e-08,3.376081099167153
reactor_0198,750,5,5,1.0,0.3,0.5,2.0,thermal_residence_sensitivity,NUIG_2024,completed,0.166514399999869,0.005,300.0,2394.177497054713,2402.6478827460774,740,522,True,,0.2449202653215076,674588.0189659552,0.0049884422957885,1.0501765730074869e-06,1.955310076732417e-07,9.629266793341642e-08,0.0108773002208975,0.0019916538904932,0.2956186841074303,0.0070820196152808,1.4909205416340953e-06,2.775925528709844e-07,1.367053125357214e-07,0.0154423463193571,0.0028275223171834,0.0060540877494219,1.9540830366821325e-06,3.4807454483282824e-07,6.63298510818728e-08,0.0008869258175105,0.0025775812071629,0.2153980660140265,2.1980360400426138,0.0007094619565554,0.0001263741831685,2.4082142387601832e-05,0.0020266485711268,4.266539983660631e-07,7.943815199516856e-08,3.9120708691370536e-08,3.3707491218983825
reactor_0199,750,5,20,1.0,0.3,0.5,0.5,thermal_residence_sensitivity,NUIG_2024,completed,0.166340400000081,0.02,300.0,2404.633923289613,2409.6899122255018,760,487,True,,0.0612300663303769,168647.0047414888,0.0030822550182152,7.173972113003848e-07,1.893860449335277e-07,6.200481631150871e-08,0.0101338845702855,0.0024735974788183,0.2962784113123405,0.0043799352865714,1.0194332855955555e-06,2.691206976990797e-07,8.81098680333779e-08,0.0144004173428639,0.0035150228706656,0.0037396610786209,1.3345052610744286e-06,3.370423835210473e-07,4.269933833416871e-08,0.0008260798941024,0.0032004233826129,0.2158190839277673,1.357745405843909,0.0004845140640302,0.0001223687757204,1.5502696430760664e-05,0.0012575916036191,2.9270540693727165e-07,7.727144527092046e-08,2.5298599861620623e-08,2.082186443623418
reactor_0200,750,5,20,1.0,0.3,0.5,2.0,thermal_residence_sensitivity,NUIG_2024,completed,0.1787180000001171,0.02,300.0,2381.946120035311,2362.887751710051,790,505,True,,0.0612300663303769,168647.0047414888,0.0032148646707089,7.087587009026092e-07,1.612475397191901e-07,6.08726531920803e-08,0.008893271914592,0.0019855990107789,0.2983575511564005,0.0045819130185288,1.0101422769827256e-06,2.2981440188652726e-07,8.67573695012418e-08,0.0126749342621008,0.0028299299936192,0.0038965980172127,1.3170984621605354e-06,2.8667437410540425e-07,4.1877156446929214e-08,0.0007242139785436,0.0025664285981436,0.2171131380935055,1.4147239402352387,0.0004781942396507,0.0001040818422396,1.520418978625502e-05,0.0013112129616332,2.8907393949149026e-07,6.57663341283508e-08,2.4827487328373363e-08,2.1695398927773573
reactor_0027,750,5,5,1.0,0.3,0.5,0.0,primary_map,Otomo_2018,completed,0.1023967000000993,0.005,300.0,2394.916516158035,2417.9256735447934,690,559,True,,0.2450978873445161,675572.1600214199,0.0046184417487852,1.0301202558502502e-06,2.956666163589753e-07,6.193680359746371e-08,0.0111250324581759,0.0022201307172645,0.2950869301396077,0.0065517890733674,1.4613436746949026e-06,4.1943699017742994e-07,8.78644562651254e-08,0.0157821339025239,0.003149509935607,0.0056065671300468,1.917283846769461e-06,5.264737404921817e-07,4.267587053512323e-08,0.0009073717748573,0.0028740533861836,0.2150689387272152,2.034065108287051,0.0006955914528331,0.0001910049128325,1.548282526683034e-05,0.0018778461747055,4.188441658799484e-07,1.2021726260028446e-07,2.5183340190352563e-08,3.1193342129098007
reactor_0031,750,5,20,1.0,0.3,0.5,0.0,primary_map,Otomo_2018,completed,0.1087673000001814,0.02,300.0,2409.803100355952,2424.818785179318,700,563,True,,0.0612744718361289,168893.04000535488,0.0027118307104343,6.64733412594841e-07,2.582948897715967e-07,4.0151104643803664e-08,0.0104250061430275,0.0027214432660075,0.2956905350175079,0.0038503397231808,9.43808717111824e-07,3.667349405534646e-07,5.700775957171292e-08,0.0148017407991054,0.0038639879219501,0.0032912083906867,1.2369075658605838e-06,4.598132563521298e-07,2.7658100418246656e-08,0.0008500638532138,0.0035221416746439,0.2154549079436918,1.1940519031191266,0.0004487506282426,0.000166820458826,1.003437142859735e-05,0.0011074118160259,2.714526510752816e-07,1.0547812289741629e-07,1.639623282454832e-08,1.8311749972563274
reactor_0185,600,5,5,1.0,0.3,0.5,0.0,thermal_residence_sensitivity,Otomo_2018,completed,0.077924900000653,0.005,300.0,2298.2950688260757,2325.707396161275,700,618,True,,0.2551329675806159,703232.2141513883,0.0042358171220559,8.50211446627178e-07,2.195786328774424e-07,5.083736974492584e-08,0.0085048578276676,0.0014490212185738,0.2992907414516917,0.0060450423201649,1.2133583740403265e-06,3.13366250265272e-07,7.25513030186699e-08,0.0121374988612074,0.0020679350256849,0.0051316313194515,1.5792181377148178e-06,3.901945410693557e-07,3.495693622548167e-08,0.0006922575905621,0.0018720080834911,0.2176896039427101,1.861758179893969,0.0005729410596164,0.0001415627572137,1.268239238371055e-05,0.0017235487256844,3.459499815906489e-07,8.934627298068043e-08,2.0685662604453477e-08,2.8550297330156518
reactor_0186,600,5,5,1.0,0.3,0.5,0.5,thermal_residence_sensitivity,Otomo_2018,completed,0.0968364000000292,0.005,300.0,2296.3283069682743,2321.924157279524,720,598,True,,0.2551329675806159,703232.2141513883,0.0042287362020914,8.441922060294326e-07,2.169626259690533e-07,5.048785802498257e-08,0.0084175656185785,0.0014210153026995,0.2994306840190165,0.0060361424710274,1.205008821785663e-06,3.096947311562567e-07,7.206689883967605e-08,0.0120153215771257,0.0020283721685837,0.0051227104029552,1.5679329238417872e-06,3.855200830066609e-07,3.471428312676565e-08,0.0006851065895753,0.0018357041732518,0.2177768316980886,1.858521667326088,0.0005688467788834,0.0001398668616995,1.259435772898024e-05,0.001720682247717,3.435037025618954e-07,8.828257925816843e-08,2.0543622698876423e-08,2.850063401758382
reactor_0187,600,5,5,1.0,0.3,0.5,2.0,thermal_residence_sensitivity,Otomo_2018,completed,0.1018991000000824,0.005,300.0,2290.434561569494,2310.5910662630304,720,598,True,,0.2551329675806159,703232.2141513882,0.0042063424407317,8.259425063443916e-07,2.092200566534705e-07,4.9434857690503856e-08,0.008161687630459,0.0013394973575673,0.2998396814949876,0.0060076847110004,1.1796476956991082e-06,2.988173581447729e-07,7.060505484809184e-08,0.011656884023199,0.0019131294964379,0.005094589068617,1.5337383636944107e-06,3.716898620067778e-07,3.3983637752980475e-08,0.0006641511445993,0.0017300598354666,0.2180317812556633,1.84831923442036,0.0005564409768881,0.0001348492512218,1.2329279254599186e-05,0.0017116169513167,3.360870434567227e-07,8.513443700062263e-08,2.0115704225516147e-08,2.8344085756803605
reactor_0188,600,5,20,1.0,0.3,0.5,0.0,thermal_residence_sensitivity,Otomo_2018,completed,0.0884358000002976,0.02,300.0,2317.62839447122,2331.951904904329,730,550,True,,0.0637832418951539,175808.05353784707,0.002704014622533,6.042136957699872e-07,1.9348663329067522e-07,3.4788126633714185e-08,0.007861176489546,0.0018221192299016,0.2998913091558569,0.0038622783260592,8.630284178324766e-07,2.7636656396506414e-07,4.968960832605728e-08,0.0112285086478038,0.0026026233551031,0.0032750362133702,1.122004415559667e-06,3.437406591671129e-07,2.3914987434385036e-08,0.0006397010155567,0.002353415401855,0.2180705969023615,1.1881846298230865,0.0004070637129809,0.0001247092677022,8.676368333254843e-06,0.0011040567711747,2.467021503849868e-07,7.900113624986782e-08,1.4204089891516866e-08,1.822137578085925
reactor_0189,600,5,20,1.0,0.3,0.5,0.5,thermal_residence_sensitivity,Otomo_2018,completed,0.1059020000002419,0.02,300.0,2310.0242146260475,2316.7127709495758,750,539,True,,0.0637832418951539,175808.05353784707,0.0027139983304324,5.953146089965951e-07,1.8412852980184324e-07,3.4005643574147945e-08,0.0075084284963488,0.0016927172891658,0.3004622182440745,0.0038797022851574,8.510113742567023e-07,2.632145605340402e-07,4.8611589625351776e-08,0.0107334138229128,0.0024197653555136,0.0032862318118361,1.105177639949702e-06,3.270262178579734e-07,2.3370696836829648e-08,0.0006108296241668,0.0021856860402036,0.2184261596130358,1.1922463980455549,0.0004009589511259,0.0001186452607826,8.478899456565077e-06,0.0011080558370853,2.4305167029921144e-07,7.51749512640166e-08,1.3883631184907767e-08,1.8283589963263518
reactor_0190,600,5,20,1.0,0.3,0.5,2.0,thermal_residence_sensitivity,Otomo_2018,completed,0.0981388999998671,0.02,300.0,2287.2391433144053,2271.241780252718,770,554,True,,0.0637832418951539,175808.05353784707,0.0027318149823828,5.641915160226242e-07,1.5771217323928754e-07,3.1547652016187945e-08,0.0065462290678302,0.0013417898406985,0.3020042239152684,0.0039137987305688,8.083021922959825e-07,2.259500395889824e-07,4.5197482702758215e-08,0.0093786084273317,0.0019223466483207,0.0033053887819527,1.0466337803574606e-06,2.799041576295475e-07,2.166558160547193e-08,0.0005321632591722,0.0017312926876195,0.2193867754716118,1.199196555528879,0.0003797192122021,0.0001015493558701,7.860282874035269e-06,0.0011151088558619,2.302992552483271e-07,6.4377068795105e-08,1.2877543454358011e-08,1.838993772200889
reactor_0197,750,5,5,1.0,0.3,0.5,0.5,thermal_residence_sensitivity,Otomo_2018,completed,0.1224776999997629,0.005,300.0,2392.942952694881,2414.045532617183,700,564,True,,0.2450978873445161,675572.1600214199,0.0046206012240656,1.0256194628567574e-06,2.9277115679431293e-07,6.167134876101519e-08,0.0110134788575057,0.0021804875481286,0.2952742060115502,0.0065565944420949,1.4553454288258492e-06,4.154398197025713e-07,8.751112743011927e-08,0.0156280342673057,0.0030940935704765,0.0056086710842055,1.9087307359404304e-06,5.212698889067478e-07,4.2489045380627816e-08,0.000898190440154,0.0028224731757877,0.215185575012836,2.034828423814093,0.0006924883803289,0.0001891169531072,1.541504501569005e-05,0.001878717705536,4.170127112410674e-07,1.1903956417511123e-07,2.507532012028153e-08,3.1205014289550532
reactor_0198,750,5,5,1.0,0.3,0.5,2.0,thermal_residence_sensitivity,Otomo_2018,completed,0.1117029000006368,0.005,300.0,2387.021588291018,2402.408894235087,720,566,True,,0.245097887344516,675572.1600214198,0.0046254301143403,1.0115928371257922e-06,2.841524102889077e-07,6.085448946023802e-08,0.0106855699407325,0.0020644296089583,0.2958229923425935,0.0065685616883854,1.4365604473384745e-06,4.0352412418888923e-07,8.641930764351896e-08,0.0151745510355135,0.0029316913027678,0.0056130185924138,1.8821188002204803e-06,5.057880547070283e-07,4.191495695123795e-08,0.0008712132488963,0.0026715245260987,0.2155273774804935,2.0364057017721278,0.0006828335579293,0.0001835001366084,1.5206765472039338e-05,0.0018806634657449,4.113056827068936e-07,1.1553413272355473e-07,2.4742956271160503e-08,3.122910064450235
reactor_0199,750,5,20,1.0,0.3,0.5,0.5,thermal_residence_sensitivity,Otomo_2018,completed,0.0877418000000034,0.02,300.0,2402.207158098898,2409.4026529666085,710,554,True,,0.061274471836129,168893.04000535497,0.0027119432287341,6.556336175501674e-07,2.4678869300681864e-07,3.9278721136582975e-08,0.0099574094655994,0.0025581165198962,0.2964668200765489,0.003854748157051,9.319157024285686e-07,3.5078472494171615e-07,5.5830659103891535e-08,0.0141534326308289,0.0036360993239502,0.0032900900947897,1.2195099296195509e-06,4.391625737988964e-07,2.7046843004767363e-08,0.0008116260656514,0.0033094989549621,0.2159381883618821,1.193646184858359,0.0004424387578906,0.0001593283817904,9.812606960590414e-06,0.0011074494617472,2.677346226005818e-07,1.0077866023887286e-07,1.6039863268499742e-08,1.830546636154461
reactor_0200,750,5,20,1.0,0.3,0.5,2.0,thermal_residence_sensitivity,Otomo_2018,completed,0.0969685999998546,0.02,300.0,2379.43899645561,2363.007622714549,760,540,True,,0.061274471836129,168893.04000535497,0.002756458488893,6.352964806902715e-07,2.1487470739429174e-07,3.7090069132601746e-08,0.0086808489836389,0.0020919749112915,0.2985766812101718,0.0039298073147165,9.057247794190164e-07,3.063409807432934e-07,5.287829494547395e-08,0.0123760484590333,0.0029824712912323,0.0033406619510696,1.180468638559308e-06,3.81978781719929e-07,2.5513542339180112e-08,0.0007068474539247,0.0027036612401849,0.2172516692298839,1.2119936773495956,0.0004282745597127,0.0001385820759798,9.256324780774922e-06,0.0011254315738154,2.5938454033813374e-07,8.773097113209436e-08,1.5143465807675182e-08,1.8586629376217838
reactor_0027,750,5,5,1.0,0.3,0.5,0.0,primary_map,POLIMI_2023,completed,0.093288100000791,0.005,300.0,2399.077881590846,2419.9627234809573,650,547,True,,0.244617875517961,674292.1159591902,0.0052957148990484,1.1518379153747146e-06,2.578133505441251e-07,1.0267615553566496e-07,0.0115585787751019,0.0021185194569871,0.294598363268546,0.0075073754061397,1.6328823969162673e-06,3.6548448021573634e-07,1.4555701346459125e-07,0.0163858122425965,0.0030032811758185,0.0064301715598143,2.144303548420676e-06,4.59172884527005e-07,7.076191982309624e-08,0.0009429416606305,0.0027431221696681,0.2147605240882253,2.332720298739193,0.0007779046589238,0.0001665775008338,2.567081845540326e-05,0.0021502048745751,4.676776502459059e-07,1.0467926118344145e-07,4.1689323225291955e-08,3.5773161320075606
reactor_0031,750,5,20,1.0,0.3,0.5,0.0,primary_map,POLIMI_2023,completed,0.1117015999989234,0.02,300.0,2412.0695124533395,2428.3208826928435,650,531,True,,0.0611544688794902,168573.02898979757,0.0030249143079247,7.362449812823261e-07,2.5390766827555865e-07,6.106779109664181e-08,0.0107018643819131,0.0027032517958233,0.2953411900468837,0.0042927360946867,1.0448247731853538e-06,3.6032710396745353e-07,8.666292145088611e-08,0.0151872994855839,0.0038362562954448,0.0036717845255214,1.3701981870196238e-06,4.520773985337841e-07,4.2073473343566176e-08,0.0008727823941411,0.0034991724015855,0.2152356930615974,1.3320400887604928,0.0004970768033829,0.000164003419559,1.5263301203402497e-05,0.0012344843441306,3.004656695420167e-07,1.0362113085971997e-07,2.4922105013668442e-08,2.042787487868828
reactor_0185,600,5,5,1.0,0.3,0.5,0.0,thermal_residence_sensitivity,POLIMI_2023,completed,0.0985515000029408,0.005,300.0,2301.931711530616,2326.7973269430213,650,587,True,,0.2547079258548803,702105.4610690265,0.0048702913069525,9.427838865413596e-07,1.853441490856411e-07,8.879424721985787e-08,0.0088994357058206,0.001349420963738,0.2988615141356806,0.0069462615519511,1.344647178194982e-06,2.643474189798047e-07,1.266429514426068e-07,0.0126928358451896,0.0019246140255366,0.0059014147247257,1.7515005532496258e-06,3.294222621854377e-07,6.106861509393411e-08,0.0007245128460386,0.0017436663218445,0.2174189286705065,2.1408993199620734,0.0006354046475761,0.0001195069199489,2.215430750491878e-05,0.0019791315594392,3.831174001688809e-07,7.531797005430595e-08,3.608315928014373e-08,3.2830727645349045
reactor_0186,600,5,5,1.0,0.3,0.5,0.5,thermal_residence_sensitivity,POLIMI_2023,completed,0.1051688000006834,0.005,300.0,2299.961709640086,2322.997722666906,720,588,True,,0.2547079258548803,702105.4610690265,0.0048622587672104,9.35789250498256e-07,1.8286610802363093e-07,8.84267360648836e-08,0.0088119038961078,0.0013217218678295,0.2990020017163509,0.0069361949379533,1.3349385487397668e-06,2.608653783197206e-07,1.2614406357991188e-07,0.0125705122092834,0.0018854859372861,0.0058912855778152,1.738389097664003e-06,3.249960601192031e-07,6.08117703036181e-08,0.0007173385693428,0.0017077599013932,0.2175065123852442,2.1372246953603504,0.0006306481090754,0.0001179011942991,2.2061130044500777e-05,0.0019758900200269,3.802793576880732e-07,7.431182401926274e-08,3.5934225975883214e-08,3.27743405549626
reactor_0187,600,5,5,1.0,0.3,0.5,2.0,thermal_residence_sensitivity,POLIMI_2023,completed,0.1101057000014407,0.005,300.0,2294.056976984361,2311.6155009940644,720,589,True,,0.2547079258548803,702105.4610690265,0.0048367517623519,9.146177111792464e-07,1.7560025263013184e-07,8.73106797299013e-08,0.0085553214077781,0.0012412433321247,0.2994125424786047,0.0069038514898109,1.3055011210378613e-06,2.50647154391526e-07,1.2462495409038197e-07,0.0122116394119385,0.0017717178901776,0.0058592318790976,1.6987263526947131e-06,3.120217657609893e-07,6.003248213388136e-08,0.0006963148217392,0.0016034615291157,0.217762471848726,2.125596340976225,0.0006162593654108,0.0001131944147785,2.1778421983727875e-05,0.0019655967503652,3.716894497075163e-07,7.136179462831679e-08,3.5481992209132055e-08,3.259591016657485
reactor_0188,600,5,20,1.0,0.3,0.5,0.0,thermal_residence_sensitivity,POLIMI_2023,completed,0.0901570000023639,0.02,300.0,2319.4199704178477,2333.8045690080858,680,534,True,,0.06367698146372,175526.36526725662,0.0032056268407499,6.981539545740234e-07,1.80730783784877e-07,5.803000003604464e-08,0.0081664040055101,0.0017377312010757,0.299551602127647,0.0045765353314922,9.96724322155209e-07,2.5802155352750575e-07,8.284693092640893e-08,0.011658823162871,0.0024808839685467,0.0038831692075155,1.2966461707609477e-06,3.211281284941256e-07,3.989862822267324e-08,0.0006646402429383,0.002244763941377,0.2178568187770124,1.4087256536701225,0.0004703938012664,0.0001164979964945,1.4474316755176154e-05,0.001307460489599,2.847520178141813e-07,7.371362007865805e-08,2.3668360675694934e-08,2.160335489895754
reactor_0189,600,5,20,1.0,0.3,0.5,0.5,thermal_residence_sensitivity,POLIMI_2023,completed,0.1212636000018392,0.02,300.0,2311.842692282386,2318.438006512643,760,523,True,,0.06367698146372,175526.36526725662,0.0032331440773807,6.891719568956054e-07,1.7054210961328276e-07,5.7565869825211237e-08,0.0078198152380268,0.0016035009273035,0.3001184507348556,0.0046195589536193,9.846979929949806e-07,2.43672818339542e-07,8.225087500256829e-08,0.0111730552780501,0.0022911033002472,0.0039154392003173,1.2796168597933085e-06,3.029423039510963e-07,3.956876919034332e-08,0.0006362595895492,0.002070805790725,0.2182098162595218,1.4204324746388344,0.0004642159537551,0.000109900592107,1.4354651384932023e-05,0.0013185401432403,2.810579637077292e-07,6.955044756934339e-08,2.3476501024531532e-08,2.178278267496504
reactor_0190,600,5,20,1.0,0.3,0.5,2.0,thermal_residence_sensitivity,POLIMI_2023,completed,0.1148090999995474,0.02,300.0,2289.1376573640027,2272.602322252203,790,538,True,,0.06367698146372,175526.36526725662,0.0032895202580498,6.53970301703283e-07,1.426921907789068e-07,5.5898390998056156e-08,0.0068750286097629,0.0012436609705225,0.3016471420320701,0.0047103985048785,9.364468037063792e-07,2.043267800093396e-07,8.004319071695293e-08,0.0098446344585285,0.001780848973886,0.0039808204434439,1.2133748257856965e-06,2.532871144733929e-07,3.8394708516919194e-08,0.0005589808842225,0.0016049324497594,0.2191620732534816,1.4441513057119362,0.0004401848472875,9.188681636951822e-05,1.3928728819822902e-05,0.0013411574674042,2.6662767965743505e-07,5.8176476261269e-08,2.2790114856252263e-08,2.214620064769386
reactor_0197,750,5,5,1.0,0.3,0.5,0.5,thermal_residence_sensitivity,POLIMI_2023,completed,0.1137472000009438,0.005,300.0,2397.1099619373617,2416.05977121975,730,547,True,,0.244617875517961,674292.1159591902,0.0052996331053812,1.1466510770061654e-06,2.546587768269649e-07,1.0248965898516677e-07,0.0114473211072912,0.002078284614692,0.2947862028973444,0.0075149311133085,1.6259623417992364e-06,3.611086139738346e-07,1.4533132988356396e-07,0.0162324122901766,0.0029470277286556,0.0064343321711939,2.1344495122960828e-06,4.535124237021216e-07,7.062683835487345e-08,0.0009337786959577,0.0026907752533507,0.214877522364298,2.334229674115885,0.0007743298382711,0.0001645240141199,2.56218139646248e-05,0.00215178131525,4.655685239998651e-07,1.0339772336018453e-07,4.1613320927196966e-08,3.579626738933033
reactor_0198,750,5,5,1.0,0.3,0.5,2.0,thermal_residence_sensitivity,POLIMI_2023,completed,0.1174639999990176,0.005,300.0,2391.204780454904,2404.3552801892133,740,549,True,,0.244617875517961,674292.1159591902,0.0053089671430826,1.1304054713656388e-06,2.453802197965056e-07,1.018996894266045e-07,0.0111202194109872,0.0019607422822236,0.2953366069715583,0.0075340470295558,1.6041779416232756e-06,3.4822331090867605e-07,1.446076104346343e-07,0.0157808955609227,0.0027825232609245,0.0064439173563405,2.103638475352521e-06,4.368701205411251e-07,7.020124733993448e-08,0.0009068505141415,0.0025379038687662,0.2152203667030695,2.3377069617357757,0.0007631522933744,0.0001584865642571,2.546741920388256e-05,0.0021555339623625,4.589644876487767e-07,9.96286816641029e-08,4.137306473999133e-08,3.5849469558578235
reactor_0199,750,5,20,1.0,0.3,0.5,0.5,thermal_residence_sensitivity,POLIMI_2023,completed,0.1225416000015684,0.02,300.0,2404.473717225517,2412.771277629368,730,520,True,,0.0611544688794902,168573.02898979757,0.0030568548968773,7.322407091311909e-07,2.406431435067221e-07,6.054822908024334e-08,0.0102395782148084,0.0025288467233069,0.2961179986433909,0.0043428513458019,1.0402890082711668e-06,3.418799501094284e-07,8.602042524677041e-08,0.0145472937155283,0.0035927140038146,0.0037091351195798,1.3622243228275912e-06,4.282961686315328e-07,4.1699545340633016e-08,0.0008347613273129,0.0032721640320006,0.2157191981978056,1.345590036552623,0.0004941840664338,0.000155376129104,1.5127648610840195e-05,0.0012474154855786,2.988065938865415e-07,9.819961818117236e-08,2.4708009090065607e-08,2.0635594416847747
reactor_0200,750,5,20,1.0,0.3,0.5,2.0,thermal_residence_sensitivity,POLIMI_2023,completed,0.1185715000028722,0.02,300.0,2381.7262408591387,2365.9425390090933,780,526,True,,0.0611544688794902,168573.02898979752,0.0031923582674383,7.235344372430482e-07,2.038634414817853e-07,5.975263948640063e-08,0.0089827274991715,0.0020328556227969,0.2982228001554657,0.0045489626453318,1.03100305539042e-06,2.904959601522356e-07,8.51447432313813e-08,0.0127999705621121,0.0028967250905946,0.0038695715082768,1.344644217457427e-06,3.6246282431691177e-07,4.110932920115125e-08,0.0007315464376484,0.0026276802468693,0.2170292437512716,1.4037927170081397,0.0004878064032144,0.0001314932859811,1.4913531591347738e-05,0.001302205392867,2.95139319328006e-07,8.31586089862746e-08,2.4373896304460183e-08,2.1527896997621636
reactor_0027,750,5,5,1.0,0.3,0.5,0.0,primary_map,RMG_2026_Burke,completed,0.3205538000001979,0.005,300.0,2408.547897016517,2425.514365620912,620,562,True,,0.2444654595361772,673875.5958912025,0.0033856124678746,1.4908498815662593e-06,3.503875478630502e-07,8.867282677215699e-08,0.0107437955414606,0.0025574818851189,0.2953209780813118,0.0048044746083916,2.1156439104813963e-06,4.972299968700939e-07,1.2583435012826137e-07,0.0152463677891356,0.0036292862502923,0.0041095830077073,2.774542341894113e-06,6.238526759119289e-07,6.10918264125956e-08,0.0008761947959958,0.0033104559014652,0.2152191794568037,1.4908554406879782,0.0010065355872053,0.0002263183769075,2.2162609106074225e-05,0.0013802552307461,6.077935282950249e-07,1.428469000263057e-07,3.6150366924349215e-08,2.286793424805423
reactor_0031,750,5,20,1.0,0.3,0.5,0.0,primary_map,RMG_2026_Burke,completed,0.3197736000001896,0.02,300.0,2417.894639527581,2431.4960503201296,620,573,True,,0.0611163648840443,168468.8989728006,0.0016267787521512,7.771534013618941e-07,2.525613208507465e-07,4.7084952931702055e-08,0.0101574361786838,0.0030502038808817,0.2958084441199616,0.002310136693017,1.1036107929335706e-06,3.586542876605741e-07,6.68638420022792e-08,0.0144242516029462,0.0043314973822284,0.001974248477315,1.446028999489443e-06,4.4958625726670745e-07,3.2433028600012655e-08,0.0008282088091065,0.0039474525548819,0.2155311514552703,0.7162086951778233,0.0005245836857993,0.0001630988147574,1.1765903512748925e-05,0.00066594548328,3.181390196843451e-07,1.033896408158725e-07,1.9274908584746382e-08,1.0986192752986161
reactor_0185,600,5,5,1.0,0.3,0.5,0.0,thermal_residence_sensitivity,RMG_2026_Burke,completed,0.3059484999994311,0.005,300.0,2312.388876395504,2332.598839545656,600,594,True,,0.2545398524436543,701645.9301406654,0.0032929988748989,1.3151236868152134e-06,2.979563096267604e-07,7.889868057902999e-08,0.0081590606405171,0.0016868183434457,0.2995512471143407,0.0047012702375908,1.87754447616226e-06,4.2537917070915046e-07,1.1264018995535187e-07,0.0116483334532383,0.0024081966546396,0.0039889817295793,2.442496752058885e-06,5.294146053501904e-07,5.424656579978049e-08,0.0006640381769794,0.0021789813298278,0.2178551136025532,1.4471042690207034,0.0008860776299786,0.0001920585721922,1.967931724692384e-05,0.0013426231802341,5.362029001140482e-07,1.214828984762987e-07,3.2168610272770586e-08,2.219593455410895
reactor_0186,600,5,5,1.0,0.3,0.5,0.5,thermal_residence_sensitivity,RMG_2026_Burke,completed,0.42372769999929,0.005,300.0,2310.40465043674,2328.7970226884604,680,593,True,,0.2545398524436543,701645.9301406653,0.0032911566656677,1.3081312852340823e-06,2.9617195531817944e-07,7.85284913576145e-08,0.0080693720296879,0.0016558716190051,0.2996963115505569,0.0046996134961887,1.8679485868915568e-06,4.229193137250782e-07,1.1213491040078061e-07,0.0115226753232651,0.0023645050658971,0.0039864740151395,2.42934191830767e-06,5.26207678342942e-07,5.3988303377611147e-08,0.0006566932358946,0.0021388571172329,0.2179455173772186,1.446194532020805,0.0008813053804748,0.0001908951781039,1.958562600465076e-05,0.0013418662479239,5.333496389947335e-07,1.2075485636065094e-07,3.2017537527886574e-08,2.218193869921789
reactor_0187,600,5,5,1.0,0.3,0.5,2.0,thermal_residence_sensitivity,RMG_2026_Burke,completed,0.4030777999996644,0.005,300.0,2304.4539122088745,2317.4091681624154,680,596,True,,0.2545398524436543,701645.9301406653,0.0032839416473895,1.2864356456072234e-06,2.907824796788786e-07,7.73803613960537e-08,0.0078061616357641,0.0015656729908738,0.3001206655368186,0.0046921540409652,1.838082055378789e-06,4.154751617318626e-07,1.1056243210182176e-07,0.0111535821267698,0.0022370613243991,0.0039769304971124,2.388567754475836e-06,5.165277662055963e-07,5.318820908545002e-08,0.0006351444859044,0.0020219404397321,0.2182099912950688,1.4427323788662751,0.0008665135186547,0.0001873835445274,1.9295371512578277e-05,0.0013389105909898,5.244984520049573e-07,1.185562301406416e-07,3.15490945127356e-08,2.212870887826959
reactor_0188,600,5,20,1.0,0.3,0.5,0.0,thermal_residence_sensitivity,RMG_2026_Burke,completed,0.3338043999992806,0.02,300.0,2325.908158772266,2337.8878798631777,640,539,True,,0.0636349631109135,175411.48253516632,0.0019131901375232,8.368466632657737e-07,2.097847941967275e-07,4.852960817590992e-08,0.007631553926099,0.0020490628589519,0.3000305748837235,0.0027332481518109,1.1955474528430434e-06,2.997056538032055e-07,6.933103994913543e-08,0.0109026961068068,0.0029273605180848,0.0023170753433807,1.5539063495469244e-06,3.726738288501677e-07,3.33596012820366e-08,0.0006209797277306,0.0026463789471972,0.2181592832274535,0.8405778337326375,0.0005637189299247,0.0001351968811193,1.2102041247793455e-05,0.0007825475587747,3.422933772046429e-07,8.580776962358918e-08,1.984994886891801e-08,1.2893417850493756
reactor_0189,600,5,20,1.0,0.3,0.5,0.5,thermal_residence_sensitivity,RMG_2026_Burke,completed,0.3929984999995213,0.02,300.0,2318.324723110693,2322.537266516183,700,534,True,,0.0636349631109135,175411.48253516632,0.0019553755382825,8.407700491250589e-07,2.041847392879634e-07,4.8520070914227366e-08,0.0072787210426385,0.0019068905104292,0.3006102145939278,0.0027958308500991,1.202148024848404e-06,2.919469851413569e-07,6.937486352628979e-08,0.0104072452794151,0.0027265060917669,0.0023675103925162,1.5607591104702003e-06,3.626251011932277e-07,3.3343807279761376e-08,0.0005921056624871,0.0024620802412616,0.2185202110855934,0.8588744266628855,0.0005662049427116,0.0001315514503612,1.2096311572987495e-05,0.0007996859753063,3.438480248829727e-07,8.350501946218576e-08,1.9843155174712087e-08,1.317396697270584
reactor_0190,600,5,20,1.0,0.3,0.5,2.0,thermal_residence_sensitivity,RMG_2026_Burke,completed,0.3995625000006839,0.02,300.0,2295.6012907695235,2276.72049051318,760,550,True,,0.0636349631109135,175411.48253516632,0.0020649345853459,8.394507915232764e-07,1.888828103113953e-07,4.7945919231251345e-08,0.0063164999414562,0.0015193989254671,0.3021757601179962,0.0029591041229739,1.2029544741312232e-06,2.706739025622466e-07,6.870772967038031e-08,0.0090517061180395,0.0021773375566948,0.0024983064684072,1.557154076978838e-06,3.352005455771677e-07,3.2924797122729135e-08,0.000513450207166,0.0019603154293512,0.2194952866894561,0.9063240197230574,0.0005648971254016,0.0001216024974207,1.1944305013892948e-05,0.0008441393278327,3.4316507260512546e-07,7.721475036881044e-08,1.9600154077233523e-08,1.3901453387479088
reactor_0197,750,5,5,1.0,0.3,0.5,0.5,thermal_residence_sensitivity,RMG_2026_Burke,completed,0.3823338999991392,0.005,300.0,2406.584619463291,2421.612263453872,680,556,True,,0.2444654595361773,673875.5958912026,0.003396715883674,1.489292854809361e-06,3.49114097979769e-07,8.860969107872336e-08,0.0106304262911905,0.0025136860750476,0.2955136644941087,0.0048215497057651,2.114012408402358e-06,4.955583669753799e-07,1.2577914803002217e-07,0.0150896131768926,0.0035681118970782,0.004122669341092,2.771381525168943e-06,6.215263353298666e-07,6.104253318801111e-08,0.0008668668291267,0.0032534568410681,0.2153391579143901,1.4956028399468628,0.001005388920791,0.0002254744378735,2.2144726738952532e-05,0.0013847481774476,6.071439699432194e-07,1.423242706940373e-07,3.612374788695604e-08,2.2940710140162013
reactor_0198,750,5,5,1.0,0.3,0.5,2.0,thermal_residence_sensitivity,RMG_2026_Burke,completed,0.3556028999992122,0.005,300.0,2400.692128794997,2409.909465850007,700,554,True,,0.2444654595361772,673875.5958912025,0.0034278873917134,1.4832363812264856e-06,3.453207759893721e-07,8.835829088158802e-08,0.0102969583374194,0.0023852990427407,0.2960786140167367,0.0048697020149846,2.107105155151163e-06,4.905672463793885e-07,1.255229527629224e-07,0.014627994748357,0.0033885872630633,0.0041593480195289,2.759345059399619e-06,6.146024518087244e-07,6.085244942793421e-08,0.0008394408348504,0.0030864288967643,0.2156909454005196,1.5089089605927726,0.0010010223876306,0.0002229626235607,2.2075769035125756e-05,0.0013973563775454,6.046318270911112e-07,1.4076780637373846e-07,3.6018692320778995e-08,2.314467657056941
reactor_0199,750,5,20,1.0,0.3,0.5,0.5,thermal_residence_sensitivity,RMG_2026_Burke,completed,0.3850253000000521,0.02,300.0,2410.2637669338424,2416.0016217835346,720,552,True,,0.0611163648840443,168468.89897280058,0.0016574877453413,7.822997844855103e-07,2.435300575139773e-07,4.701382479317328e-08,0.0096875553265585,0.0028744215026426,0.2965981076662321,0.0023563879531829,1.112166164196648e-06,3.462175182753432e-07,6.68377854901547e-08,0.0137724328469132,0.0040864568804411,0.0020107365485025,1.455040181200203e-06,4.3334150181453757e-07,3.2371473957632416e-08,0.0007895896820453,0.0037185191984722,0.2160226967108697,0.7294456682108954,0.0005278527204569,0.000157205617807,1.1743573005415192e-05,0.000678466084385,3.202218979216853e-07,9.96851319208658e-08,1.924435683403461e-08,1.1189175364473105
reactor_0200,750,5,20,1.0,0.3,0.5,2.0,thermal_residence_sensitivity,RMG_2026_Burke,completed,0.4054384999999456,0.02,300.0,2387.427292665803,2369.3799355466363,760,572,True,,0.0611163648840443,168468.8989728006,0.0017883103153824,8.0936599566934e-07,2.2089262837778937e-07,4.7513938846374854e-08,0.0084016568443767,0.0023715931874749,0.2987483546198974,0.002550169154203,1.154173399808047e-06,3.149976614430016e-07,6.775590354675126e-08,0.0119809442155715,0.0033819431342502,0.0021671706707627,1.503807052402892e-06,3.92648843511231e-07,3.2681600081076286e-08,0.0006840653538375,0.0030648212924069,0.2173611466639005,0.7861961126826265,0.0005455441395428,0.0001424433241841,1.185607912040755e-05,0.0007317449760563,3.3117826141667866e-07,9.03853596733061e-08,1.9441864057048257e-08,1.205945288258924
