design_id,temperature_K,flame_temperature_K,ignition_temperature_K,pressure_bar,equivalence_ratio,cracking_ratio,inside_lbv_convex_hull,inside_all_idt_convex_hull,inside_exact_criterion_convex_hull,mechanism_count,ignition_delay_s_median,ignition_delay_s_p05,ignition_delay_s_p95,ignition_delay_s_worst,ignition_delay_s_absolute_range,ignition_delay_s_relative_range,idt_shortening_ratio_median,idt_shortening_ratio_p05,idt_shortening_ratio_p95,idt_shortening_ratio_worst,idt_shortening_ratio_absolute_range,idt_shortening_ratio_relative_range,EI_g_per_MJ_NOx_NO2eq_median,EI_g_per_MJ_NOx_NO2eq_p05,EI_g_per_MJ_NOx_NO2eq_p95,EI_g_per_MJ_NOx_NO2eq_worst,EI_g_per_MJ_NOx_NO2eq_absolute_range,EI_g_per_MJ_NOx_NO2eq_relative_range,EI_g_per_MJ_N2O_median,EI_g_per_MJ_N2O_p05,EI_g_per_MJ_N2O_p95,EI_g_per_MJ_N2O_worst,EI_g_per_MJ_N2O_absolute_range,EI_g_per_MJ_N2O_relative_range,EI_g_per_MJ_NH3_slip_median,EI_g_per_MJ_NH3_slip_p05,EI_g_per_MJ_NH3_slip_p95,EI_g_per_MJ_NH3_slip_worst,EI_g_per_MJ_NH3_slip_absolute_range,EI_g_per_MJ_NH3_slip_relative_range,lbv_conservative_m_per_s_median,lbv_conservative_m_per_s_p05,lbv_conservative_m_per_s_p95,lbv_conservative_m_per_s_worst,lbv_conservative_m_per_s_absolute_range,lbv_conservative_m_per_s_relative_range,lbv_enhancement_ratio_median,lbv_enhancement_ratio_p05,lbv_enhancement_ratio_p95,lbv_enhancement_ratio_worst,lbv_enhancement_ratio_absolute_range,lbv_enhancement_ratio_relative_range,complete_mechanism_set,support_tier,reactivity_improved,screening_pareto,exploratory_extrapolative_pareto,requires_direct_flame_confirmation,idt_shortening_orders,lbv_model_range_percent,idt_model_range_percent
screen_0001,600.0,300.0,1200.0,5,0.6,0.0,False,False,False,8,0.0404995554173508,0.0200297123857189,0.0843798139996715,0.0961008151843386,0.0814974706029892,0.8480414078347039,1.0,1.0,1.0,1.0,0.0,0.0,3.9349440040177273,3.241997743548306,4.707908296601519,5.032200224753125,1.91991654586498,0.3815262628901395,0.0002842719766156,0.0002380250688753,0.0004022240224192,0.0004596946989159,0.0002220242126867,0.482981886043717,4.981944666793158e-09,3.88568140179143e-09,5.477969939866329e-09,5.548624729837029e-09,2.1059888909005833e-09,0.3795515093273282,0.005765616343123,0.0046851708185098,0.0070350408256695,0.0046846724757106,0.002361823357118,0.3351770033148497,1.0,1.0,1.0,1.0,0.0,0.0,True,extrapolative,False,False,False,False,-0.0,33.51770033148497,84.80414078347039
screen_0002,600.0,300.0,1200.0,5,0.6,0.05,False,False,False,8,0.0050481544592448,0.0017145632192877,0.0117536820468863,0.0131694407406347,0.0117640318970768,0.8932825720365277,0.1203671423666442,0.0828769891821154,0.1632512841073919,0.1632674001857957,0.0875852500987618,0.5364527762375783,4.244356223114348,3.4566544965119963,5.036488727921296,5.38174052318883,2.041618256717918,0.379360217743869,0.0002897639828185,0.000243276935121,0.0003500785675935,0.0003763401361988,0.0001335273725694,0.3548050280211535,5.4689280375797006e-09,4.2395721227544296e-09,6.0073015345632065e-09,6.052315602800137e-09,2.306286873076711e-09,0.3810585938396363,0.0072746391693143,0.0058513470862804,0.0089934148573632,0.0058345033034919,0.0031604773429754,0.3513601048398753,1.260467960406023,1.2401024982295936,1.280167889180068,1.2374293708959967,0.0450455584053322,0.0351239290345209,True,extrapolative,True,False,False,False,0.7871005227513357,35.136010483987526,89.32825720365277
screen_0003,600.0,300.0,1200.0,5,0.6,0.1,False,False,False,8,0.0012831465576641,0.0006800509679217,0.0035832734481064,0.0040816839125765,0.0035166495475143,0.861568319065297,0.0388558283749315,0.0220952258359052,0.0463110735745049,0.0475546343092014,0.0274267473457439,0.5767418411298164,4.491169432714919,3.659850963727495,5.362660117984745,5.709505030873629,2.1533001096244315,0.3771430444461747,0.0002953481780656,0.0002486120799241,0.0003319349980575,0.0003452556723873,9.72219518328e-05,0.2815940753718844,6.006212518093498e-09,4.623957858587193e-09,6.6308977745385904e-09,6.669938974509731e-09,2.5864356822800988e-09,0.3877750144588411,0.0092312781126314,0.0073695130342614,0.0115625850732012,0.0073154251101541,0.004249969546369,0.3674729373780545,1.603292758220939,1.5480512070842176,1.6455316223085064,1.5410295121774211,0.1067821243612505,0.0648023851716163,True,extrapolative,True,False,False,False,1.322807153661552,36.74729373780545,86.1568319065297
screen_0004,600.0,300.0,1200.0,5,0.6,0.2,False,False,False,8,0.0003091048180412,0.0002196593284255,0.0008723928838096,0.0009997923470256,0.0007974870845075,0.7976527194672357,0.0105410477703616,0.0046029055831188,0.012986472382819,0.0138533512916262,0.0098303630312564,0.7096018013488556,4.904038898771825,4.032902040209923,5.990467305657528,6.302706066346036,2.349021590148709,0.3727004822089924,0.000306781103929,0.00025948758089,0.0003337263761275,0.00034155391756,8.28815593835e-05,0.2426602510537458,7.251350353029156e-09,5.509491287062185e-09,8.119556026064752e-09,8.171643012059516e-09,3.298883193439914e-09,0.4036988875519282,0.0156175499508807,0.0124857370713682,0.0198082141722728,0.0122944136843643,0.0076120428377784,0.3823906494514098,2.741815106265786,2.549354941642544,2.8156218046050805,2.5093801196749568,0.3156348940856603,0.1117285722547336,True,extrapolative,True,False,True,False,1.858445152852152,38.23906494514098,79.76527194672357
screen_0005,600.0,300.0,1200.0,5,0.6,0.3,False,False,False,8,0.0001359802311022,0.0001040211216374,0.0003360793720709,0.0003732266837136,0.0002704341407418,0.7245841536596052,0.0044883758419194,0.0018918461806855,0.0067114480571,0.0072793439296477,0.005637611540538,0.7744669842534623,5.258297855552326,4.361226895037277,6.526953423413244,6.812430304313159,2.5081427848197557,0.3681715148310248,0.000318542093972,0.0002705609549102,0.0003487574279145,0.0003580764205097,8.856803402320003e-05,0.2473439437791765,8.736344228871466e-09,6.590662586552697e-09,9.92820112060226e-09,1.0004441763876313e-08,4.167352151779915e-09,0.416550193417812,0.0252482177719565,0.0200846629572968,0.0311544984890875,0.0200728126387347,0.0111878036828863,0.3578881352748122,4.377244199905151,4.041922755413228,4.663261971267065,3.9226005193828986,0.8628528802922739,0.1803074459675739,True,extrapolative,True,False,True,False,2.1379077608756023,35.788813527481224,72.45841536596052
screen_0006,600.0,300.0,1200.0,5,0.6,0.4,False,False,False,8,7.310146864721623e-05,5.765401262072997e-05,0.0001526443803698,0.0001623311802137,0.0001083704240074,0.667588468615746,0.0023264444251929,0.0010053455495816,0.0041033944826705,0.0044701665894505,0.0036083421939887,0.8072053069575357,5.549423614328852,4.640455842193387,6.964734001572096,7.229546959104758,2.6261791374204897,0.3632563910679255,0.0003306086673866,0.0002817267541401,0.0003653754836332,0.0003769041337753,9.644954454699996e-05,0.2558994075785344,1.051372688790357e-08,7.901983146016944e-09,1.2092167054762525e-08,1.219512056525327e-08,5.187028803176722e-09,0.4253364101996475,0.0418725426038632,0.0323064972442216,0.0487169593721396,0.0317244784844973,0.0173011567166153,0.3529002050792942,6.982111548083191,6.347736083384885,7.920865068509851,6.199552500196354,2.123630881516654,0.2551464727044841,True,extrapolative,True,False,True,False,2.349676291738093,35.29002050792942,66.7588468615746
screen_0007,600.0,300.0,1200.0,5,0.6,0.5,False,False,False,8,4.6137724176845066e-05,3.5751424411649024e-05,7.778726458388167e-05,7.981284054439225e-05,4.6550075100982406e-05,0.5832404257694731,0.00135060530249,0.0006239007161947,0.0027185448303697,0.0030049262116206,0.0024736760080451,0.8232069055403143,5.801867379906994,4.859480519161191,7.283626798925167,7.531709868769986,2.6922094681847684,0.3574499702050309,0.000342970728918,0.0002928439708072,0.0003814303060392,0.0003947331327813,0.0001033354638629,0.2617856351069281,1.2634948403296529e-08,9.485349570705404e-09,1.4659132940575424e-08,1.4787962603610309e-08,6.364473604391588e-09,0.4303820461946378,0.0644365538574495,0.04898673811881,0.0716246790512319,0.0476410262484013,0.0244966762486067,0.3395821519214966,10.348993891994237,9.455355780858554,12.456157629416166,9.309941644415863,3.9373264722487686,0.297217995255621,True,extrapolative,True,False,True,False,2.522166187980528,33.95821519214966,58.32404257694731
screen_0008,600.0,300.0,1200.0,5,0.6,0.7,False,False,False,8,2.4454444931391592e-05,1.930199662655486e-05,2.930060413898444e-05,2.9622538604982485e-05,1.1221009028938816e-05,0.37879970986185,0.0006120724585042,0.000295568417792,0.001417451100166,0.0016532453149125,0.0013593486348543,0.8222304473466888,5.886983505011635,4.99752228971829,7.355153376543563,7.570582934738308,2.5766983428075125,0.3403566627589664,0.0003686648802907,0.0003140019795927,0.0004078092464255,0.0004211469748285,0.000108606306033,0.2578821943983495,1.812136984185769e-08,1.3690285702014338e-08,2.1135024183519463e-08,2.1296865557974052e-08,9.114094080144534e-09,0.4279547173425247,0.112615780862201,0.0882382159142029,0.1240442367789937,0.087134606989361,0.0391217801596262,0.3098598102087391,18.15553118991904,16.774697136752827,22.057632664540787,16.642259587069525,6.917934371174315,0.2936280738365353,True,extrapolative,True,False,True,False,2.7816626993577063,30.985981020873908,37.879970986185
screen_0009,600.0,300.0,1200.0,5,0.7,0.0,True,False,False,8,0.0403392726531724,0.0201171122349586,0.0789077961326904,0.0896406399430961,0.0749546335887097,0.8361679884959649,1.0,1.0,1.0,1.0,0.0,0.0,4.627426421160035,4.2682029154781045,6.296698039080852,6.725941033865102,2.4673589011916395,0.3668421844272038,0.0003130712285342,0.000264610414475,0.0003407528336819,0.0003490617176134,8.574013853899999e-05,0.2456303118119663,3.207506850907733e-08,2.3942464430799477e-08,3.705881411819018e-08,3.723829510321591e-08,1.6082516395648713e-08,0.4318811146179412,0.0144722589667192,0.0125532416294774,0.0167890832513713,0.0124213160863803,0.0046538605370525,0.2725512385427354,1.0,1.0,1.0,1.0,0.0,0.0,True,extrapolative,False,False,False,False,-0.0,27.25512385427354,83.61679884959649
screen_0010,600.0,300.0,1200.0,5,0.7,0.05,True,False,False,8,0.0043561082876869,0.0016095730690538,0.010353880279062,0.0114460546853185,0.0101252802933587,0.8846087644807502,0.1087214954473605,0.0765874709967707,0.1432782560946518,0.1455644412650396,0.0761636763408837,0.5232299569797203,4.841844718048721,4.451545859257953,6.615142968751653,7.026087680189568,2.576893512959328,0.3667607963710754,0.0003188195552137,0.0002702185355178,0.0003499985360799,0.0003600399434886,9.130579523820002e-05,0.2535990711294261,3.5361109344301456e-08,2.6272550762768752e-08,4.10738263464429e-08,4.128250772803056e-08,1.806967718652001e-08,0.4377078375558764,0.0173107423917223,0.0149567964041471,0.0201399114291444,0.0148059150960003,0.0054808768401922,0.2701697171948652,1.1943568810204184,1.18078202896931,1.221856297292209,1.1768486912825993,0.0482894003122817,0.0394154754011597,True,extrapolative,True,False,False,False,0.8369447022787512,27.01697171948652,88.46087644807503
screen_0011,600.0,300.0,1200.0,5,0.7,0.1,True,False,False,8,0.0011220776950851,0.0006342315137356,0.0032651513824334,0.00367451289889,0.0031498294079879,0.857210056042912,0.0349771445053406,0.020163669786121,0.0428144233592029,0.0437959457764142,0.0253615239135228,0.5790838275989688,5.042881720489515,4.618137956593433,6.91402480668201,7.308454936332124,2.7039234788657645,0.3699719711513711,0.0003246269142567,0.0002758751543231,0.0003592599850908,0.0003710135997563,9.682048392910004e-05,0.2609620887015907,3.894115366722559e-08,2.8821460075930242e-08,4.545568404347256e-08,4.57021739075693e-08,2.0232995539676592e-08,0.4427140726521447,0.0209438068738656,0.0181297854490977,0.0244216375474675,0.0179552868961824,0.0065382915275995,0.2669390080320474,1.4513143238154895,1.406946189871173,1.5042105463791615,1.398615389241452,0.1118197302045995,0.0740314686575939,True,extrapolative,True,False,False,False,1.3585660906014965,26.69390080320474,85.72100560429121
screen_0012,600.0,300.0,1200.0,5,0.7,0.2,True,False,False,8,0.0002906232568317,0.0002049419053506,0.0008483658438577,0.0009672877130924,0.0007783384273912,0.8046607197179908,0.0100441633039318,0.0044734642895143,0.0122028627806429,0.0128659406200423,0.0088872885643234,0.6907608877409991,5.422505233087339,4.924996888889924,7.450878365872728,7.817262410830007,2.9261813095393903,0.3743230245776922,0.0003364099931389,0.0002872833726929,0.0003776966690293,0.000392748078334,0.0001075393677309,0.2738125879242281,4.7073900146827923e-08,3.464014954339561e-08,5.5424796222011123e-08,5.577919370567475e-08,2.514035910510151e-08,0.4507121282132092,0.0324373333290145,0.028628910072473,0.0380000585849674,0.0284986135919731,0.0095359397306553,0.2507178051958882,2.291983732812444,2.0770090757124837,2.3412420989925,2.063562171224764,0.2818985081818064,0.1201889721097904,True,extrapolative,True,False,False,False,1.8905584573229874,25.07178051958882,80.46607197179908
screen_0013,600.0,300.0,1200.0,5,0.7,0.3,True,False,False,8,0.0001295445295734,9.96138974563221e-05,0.0003391602160515,0.0003767970383232,0.0002775881999128,0.736704834911051,0.004376996211888,0.0018948956653359,0.0062937473442828,0.0068341349954763,0.0051519270637303,0.7538521066880464,5.770323146910869,5.193249728380087,7.899291491501818,8.242969201609913,3.1008458197572173,0.3761806873124794,0.0003485366220632,0.0002987197446733,0.000395745540697,0.0004137885178894,0.0001175123236139,0.2839912625255817,5.6656994342355895e-08,4.153312470217241e-08,6.71728223485471e-08,6.76902354661334e-08,3.0902945880577544e-08,0.4565347670571897,0.0528809734204334,0.0461863484615093,0.0611862012453414,0.045037431325312,0.0165134722992523,0.2682896810090375,3.753448918842868,3.236833422558392,3.9381536707613143,3.2170919871679358,0.7853197026060212,0.1962116252589632,True,extrapolative,True,False,False,False,2.1653164467822963,26.82896810090375,73.6704834911051
screen_0014,600.0,300.0,1200.0,5,0.7,0.4,False,False,False,8,7.08802723469297e-05,5.641742055865236e-05,0.0001569608510103,0.000167552623748,0.0001143212116415,0.6823003369583023,0.0022902645820383,0.0010257572829182,0.0038880369184248,0.0042444686386616,0.003341864545131,0.7873457974670818,6.048225113293247,5.414693272088239,8.243084266751323,8.567501991161219,3.217688881700748,0.3755690847834433,0.000360997801508,0.0003100340761655,0.0004129765132917,0.000433483812431,0.0001262042031856,0.2911393679914831,6.786874297226387e-08,4.9640389150530574e-08,8.088210204372857e-08,8.163281309640415e-08,3.7593070155693034e-08,0.4605142066009357,0.0774593542015722,0.0654347721916107,0.0865409083777777,0.0631539983545405,0.0243618326868539,0.2783705804648181,5.408555540428964,4.534520753757848,5.940472872861685,4.511185831102718,1.6677883111673886,0.2699134634272245,True,extrapolative,True,False,False,False,2.3721766709656915,27.83705804648181,68.23003369583023
screen_0015,600.0,300.0,1200.0,5,0.7,0.5,False,False,False,8,4.4796903752061424e-05,3.536539805757233e-05,8.006622085104045e-05,8.24185012193997e-05,4.925414682006611e-05,0.5976103191800417,0.0013385793353583,0.0006430374279923,0.002601994773229,0.0028835938896481,0.0023212514520616,0.8049855634646507,6.236713056458188,5.574091387003971,8.452876780014833,8.759326399157102,3.259797140586632,0.3721515778770748,0.0003736500334803,0.0003210191518847,0.0004287746502261,0.0004508970624917,0.000132834706315,0.2946009574359228,8.085433517111668e-08,5.909665781300017e-08,9.665666306255707e-08,9.772321601010885e-08,4.5210825401072384e-08,0.4626416039807328,0.1097718917400683,0.0900615278989264,0.1182461815034983,0.0868693027976509,0.0328671304875136,0.274495653375921,7.432558943585038,6.2429238829798255,8.552140276157292,6.205205975060164,2.791319077595549,0.3102663596508933,True,extrapolative,True,False,False,False,2.5400659034199844,27.4495653375921,59.76103191800417
screen_0016,600.0,300.0,1200.0,5,0.7,0.7,False,False,False,8,2.403939456346157e-05,1.917175738525151e-05,2.9242922779837343e-05,2.9272720889580544e-05,1.0919981271421523e-05,0.3730429198096316,0.0006069265579617,0.000316237941941,0.0013797176973089,0.001612877825901,0.0013016845426247,0.8070571259156522,6.176161727138556,5.562747695268669,8.21551032286482,8.47769907732591,2.987195465368873,0.352359223666985,0.000399358724446,0.0003406826875083,0.0004517595118525,0.0004722460154215,0.0001342647442572,0.2843110155992802,1.11411903492431e-07,8.237720861332689e-08,1.3341910490933896e-07,1.3531002684773524e-07,6.196419478748608e-08,0.4579423730158192,0.1851818565467038,0.1523569866845083,0.1973543283549446,0.1501265993440068,0.0479612612096292,0.2421211530862225,12.206184428163391,10.669595758889892,14.3832234173171,10.640424716131884,4.549316886530857,0.2994992940323203,True,extrapolative,True,False,True,False,2.792398528796149,24.212115308622252,37.304291980963164
screen_0017,600.0,300.0,1200.0,5,0.8,0.0,True,False,False,8,0.040392616728884,0.0202597381728528,0.0752406192370373,0.0846621366773439,0.0698522989224105,0.8250712970855529,1.0,1.0,1.0,1.0,0.0,0.0,4.897645853975264,4.591622680863368,7.247418536007993,7.604898420139022,3.076093684805141,0.4044884645216481,0.0003045926425592,0.0002591088670023,0.0003425889276661,0.0003569906423499,0.0001002281963451,0.2807586094843981,1.696517208378435e-07,1.236193316517391e-07,2.100349018625187e-07,2.184227193329681e-07,1.0937645354864076e-07,0.5007558457410515,0.0249087164532515,0.0224293343523517,0.028233839753276,0.0219742604003038,0.0064501582720272,0.2269231376860465,1.0,1.0,1.0,1.0,0.0,0.0,True,extrapolative,False,False,False,False,-0.0,22.69231376860465,82.5071297085553
screen_0018,600.0,300.0,1200.0,5,0.8,0.05,True,False,False,8,0.0039011830699966,0.0015390864355645,0.0093899115222756,0.0102603188903045,0.0089971078658698,0.8768838436758167,0.0981156306426235,0.0711592056485133,0.1303969430144349,0.1346201498036059,0.0698794153792756,0.5190858536498513,5.093860302103252,4.738676232269484,7.516557738151764,7.8581386656462096,3.181575964452992,0.404876536267047,0.0003101089956235,0.0002642541619134,0.0003513742202475,0.000367582667985,0.0001059353478722,0.2881946215062646,1.8672565370209562e-07,1.3577094213461498e-07,2.322652085837057e-07,2.418691919154498e-07,1.2199778488495812e-07,0.5043957186891536,0.0306866977155099,0.0280509520376118,0.035013087768321,0.0274199307033304,0.0076029057389514,0.2170842373512811,1.250473506665054,1.2207274454905894,1.2598621683263926,1.2151103746607073,0.0467218633690815,0.0370270008650536,True,extrapolative,True,False,False,False,0.8708899305015786,21.70842373512811,87.68838436758168
screen_0019,600.0,300.0,1200.0,5,0.8,0.1,True,False,False,8,0.0010187873016573,0.0006037352420133,0.0030565022877283,0.0034046359065296,0.002907203921456,0.853895688487689,0.0324191709636401,0.0189902856770658,0.0412032672369731,0.0417357413510321,0.0243061660600735,0.5823825161182253,5.277503168641775,4.876402311012242,7.76569788068027,8.09287347771149,3.2792162983775333,0.4051980186529287,0.0003156976878709,0.0002694102810059,0.0003600875192323,0.0003780472291323,0.0001115007496402,0.2949386770962938,2.0515634570648707e-07,1.4896384536092394e-07,2.56344179062983e-07,2.67320023784146e-07,1.356763892392307e-07,0.5075429341903166,0.0362506849102945,0.0333166279688168,0.0414287033146761,0.0325233026580584,0.0094455038318225,0.2250601011038991,1.482398737495742,1.4122301677099305,1.5085368198539433,1.4068533414644546,0.1034035571921188,0.0684675284609525,True,extrapolative,True,False,False,False,1.379491867731138,22.50601011038991,85.3895688487689
screen_0020,600.0,300.0,1200.0,5,0.8,0.2,True,False,False,8,0.0002777843423268,0.0001955870823317,0.0008357538813014,0.0009483682265939,0.0007682728633074,0.810099750037684,0.0094715398666666,0.0044148138685429,0.0118249691422215,0.0121605223680797,0.0081801297049374,0.6726791380614968,5.605772062389223,5.121491592270723,8.199732100993018,8.50185248681195,3.4485819721756386,0.4056271239150608,0.0003270642646142,0.0002796941642838,0.0003774014150057,0.0003983421696435,0.0001220004612658,0.3062705145555777,2.463566815535204e-07,1.7870612104977973e-07,3.103756197058136e-07,3.246101102505393e-07,1.6637594106182544e-07,0.5125408476446215,0.0541814647650024,0.0497429165402449,0.0619419855510725,0.0496343933762551,0.0133453109559367,0.2118985964993706,2.2393112259040957,2.0008607875877944,2.2681014450492265,1.9870781034016345,0.2857838109130155,0.1257374278275016,True,extrapolative,True,False,True,False,1.915047769084507,21.18985964993706,81.0099750037684
screen_0021,600.0,300.0,1200.0,5,0.8,0.3,True,False,False,8,0.0001258985684875,9.681848613284804e-05,0.0003449340302686,0.0003831822059372,0.0002866811841287,0.7481589167941219,0.0044530958163419,0.0019127676640285,0.005990854673577,0.0065160080350168,0.0047878621942663,0.7347845749324508,5.877509412301299,5.320360127072874,8.53716557134839,8.817985429196854,3.5771994475239675,0.405670827679036,0.0003386243898434,0.0002898200038157,0.0003939267740124,0.0004172936307292,0.0001312489895056,0.3145243057660594,2.9371011172296965e-07,2.132788192132909e-07,3.726076726017293e-07,3.908463106573036e-07,2.0165761403414122e-07,0.515951177062423,0.0770210503298856,0.0703108043877774,0.0881412353839197,0.0678018759374099,0.0221934181927268,0.2466064298943704,3.175814525172463,2.720529089363309,3.360310416369576,2.7144005170663483,0.7171741948496893,0.2089927380451091,True,extrapolative,True,False,True,False,2.1860183888261884,24.66064298943704,74.81589167941219
screen_0022,600.0,300.0,1200.0,5,0.8,0.4,True,False,False,8,6.979648465772564e-05,5.571848544429012e-05,0.0001626899158848,0.000174267411349,0.0001211140107946,0.6949894409807649,0.0022917392322124,0.0010501605119078,0.0037320641617922,0.0040839214801917,0.0031409109581631,0.7690919067365799,6.082639563451477,5.462664949303398,8.757549113227839,9.019354424996855,3.6536638171830527,0.405091500457842,0.0003502810740453,0.0002996073975043,0.0004091299862481,0.0004341511129099,0.0001386250643407,0.31930141422779,3.47443848767455e-07,2.5300516595861297e-07,4.430305882607593e-07,4.660254145070409e-07,2.412673360745717e-07,0.5177128297386591,0.1174260539536931,0.1025054863538505,0.1296077623529504,0.0979939302252059,0.0347606444491638,0.2618414057250178,4.74426995574197,3.959615795913388,5.2682350915991725,3.923118220478308,1.5723307663998112,0.2861150690606316,True,extrapolative,True,False,True,False,2.388922616498762,26.18414057250178,69.49894409807649
screen_0023,600.0,300.0,1200.0,5,0.8,0.5,False,False,False,8,4.408187806454591e-05,3.5375984994668985e-05,8.310276660563563e-05,8.582511966605078e-05,5.242812252490211e-05,0.6108715342186785,0.0013474625494459,0.0006635072825654,0.0025179802854184,0.0027979733752081,0.0022054671690241,0.7882373680057182,6.2031807340787255,5.531941642889778,8.828084703174873,9.07170715477774,3.660056695976138,0.4034584266808612,0.0003618920315942,0.0003088196876395,0.000422314774818,0.0004479077630115,0.0001432890025585,0.3199073880640042,4.073100302586773e-07,2.979610763223769e-07,5.223350993902898e-07,5.49009029473991e-07,2.8407093183247024e-07,0.5174248811620464,0.1594518748714752,0.1362082551450661,0.1750310169718153,0.1311424923065542,0.0471116622412317,0.2642948904094245,6.280303201540451,5.317988733771748,7.352920741239757,5.250197638408865,2.4426751575590844,0.3175244440333601,True,extrapolative,True,False,True,False,2.553156422458637,26.42948904094245,61.087153421867846
screen_0024,600.0,300.0,1200.0,5,0.8,0.7,False,False,False,8,2.3877636779560517e-05,1.9218080920895488e-05,2.985110018125153e-05,2.989902665536835e-05,1.14342496398745e-05,0.3824288252481118,0.0006093519533337,0.0003365379202256,0.0013532650697921,0.0015854826291814,0.0012578934470988,0.793382042758972,6.037915525796397,5.320272657336322,8.266888780407346,8.469597226705039,3.328905913323161,0.3930418205516271,0.0003840662623019,0.0003241823758652,0.0004381957381697,0.00045977105126,0.000139076551775,0.3024908840910306,5.383273946394867e-07,4.005422679724848e-07,6.865507465033557e-07,7.195568938555542e-07,3.6365185666979756e-07,0.5053830486165809,0.2847125811367933,0.2401939736435742,0.3039676316094553,0.2373515245124326,0.0698653222693279,0.2274137079434273,10.83100397433444,9.639770057419383,13.007023190210584,9.50220170099389,4.049944387090898,0.2988415532689437,True,extrapolative,True,False,True,False,2.7998385118153792,22.74137079434273,38.24288252481118
screen_0025,600.0,300.0,1200.0,5,0.9,0.0,True,False,False,8,0.0405960496358482,0.0204445690509759,0.0727407807212317,0.0807394842969733,0.0657755030249007,0.8146634028893164,1.0,1.0,1.0,1.0,0.0,0.0,4.596319121736311,3.86928304541949,6.798123457689311,6.939455184434122,3.2323569589326664,0.4657940534270125,0.0002464968085553,0.0002047294171982,0.0002832313271329,0.0002988163276296,9.612001204730004e-05,0.3216692100119987,9.615238857538572e-07,6.832421027262082e-07,1.369676127779683e-06,1.4297459601429227e-06,8.341790065503298e-07,0.5834456118812479,0.0356354619820573,0.0327223255498798,0.0394769472987751,0.0320068637375547,0.0077372170424165,0.1946759590503777,1.0,1.0,1.0,1.0,0.0,0.0,True,extrapolative,False,False,False,False,-0.0,19.467595905037772,81.46634028893163
screen_0026,600.0,300.0,1200.0,5,0.9,0.05,True,False,False,8,0.0035924602283175,0.0014917684520905,0.0086957168135826,0.0094057881645596,0.0081817783377403,0.8698663200356468,0.0912167640378853,0.0669887615974111,0.1236096029015119,0.1274402632131632,0.0662751878719806,0.5200490504411884,4.716139107599137,3.9958609177040154,6.975108488425716,7.10250224866182,3.299980853972892,0.464622289221329,0.0002513374698952,0.0002084180968699,0.0002902880025207,0.0003071353165118,0.0001009681017953,0.3287414255775462,1.0560738800198244e-06,7.500555362917088e-07,1.5152619341391134e-06,1.5798604807357111e-06,9.2541131446229e-07,0.585755087709608,0.0406502626112435,0.0377038712585219,0.0452182341915206,0.0367569265242794,0.0087984409143766,0.1931373054168533,1.1475566301823703,1.123533592533677,1.1664313314767274,1.1219816565029084,0.0466787621754256,0.0399421092982816,True,extrapolative,True,False,False,False,0.8946933402208429,19.31373054168533,86.98663200356468
screen_0027,600.0,300.0,1200.0,5,0.9,0.1,True,False,False,8,0.0009528089165208,0.0005833283509768,0.0029111847702364,0.0032138938492679,0.0027350691937593,0.8510141660037488,0.0306355356822894,0.018249464780332,0.040308948659353,0.0405799143068079,0.0237661778646193,0.5856635793987435,4.827019656122989,4.103277316477188,7.129709091116211,7.244454244039971,3.358411325632149,0.4635837583479973,0.0002561253674122,0.0002121009746672,0.0002971746414013,0.0003151558673523,0.0001055112235982,0.3347906053110325,1.1569235843603552e-06,8.217924327304577e-07,1.6704887409728196e-06,1.739833360793066e-06,1.0221591883834405e-06,0.587504074480737,0.0472158588623393,0.0438140796028656,0.0526777475046552,0.043021469029581,0.0107650143434138,0.2001434871426957,1.3393678957209003,1.2771803572111853,1.3746806993308605,1.273615230568356,0.1062031687138538,0.076968946615802,True,extrapolative,True,False,False,False,1.3916888744076448,20.01434871426957,85.10141660037488
screen_0028,600.0,300.0,1200.0,5,0.9,0.2,True,False,False,8,0.000269583276561,0.0001896310921937,0.0008295949783,0.0009370552883532,0.0007628708668683,0.8141151075610328,0.0090561389867597,0.0043985168138171,0.0116282287620017,0.0116402458889722,0.0076309819797589,0.65556879575786,5.018893802666158,4.262190222038651,7.367199731617667,7.460082559257909,3.4454278834799936,0.4618484924411784,0.0002642568613331,0.0002193932706727,0.0003102252640128,0.0003299975173549,0.0001134164561511,0.3436888163895634,1.3771741456753464e-06,9.802495862750052e-07,2.007807907899001e-06,2.087180744906315e-06,1.2299723809876995e-06,0.5892984515066079,0.0669267642820713,0.0620331389216171,0.0753085009536157,0.0615235565640382,0.0163995195228969,0.2104578046251759,1.9289941891665323,1.7288426366607277,1.9880468398963524,1.7206201602079572,0.278389393322443,0.1392636632630327,True,extrapolative,True,False,False,False,1.9340378455369998,21.04578046251759,81.41151075610328
screen_0029,600.0,300.0,1200.0,5,0.9,0.3,True,False,False,8,0.0001240338658042,9.497004361676257e-05,0.0003519951415912,0.0003907842873515,0.0002967833099154,0.7594555859113177,0.0045350083036474,0.0019396593945023,0.005777202889346,0.0062818160305683,0.0045047026772569,0.7171019742278868,5.181551009413088,4.36499363614845,7.499083929173184,7.574177530007098,3.487302497179222,0.4604199575945183,0.0002725294043216,0.0002264832412915,0.0003219276247729,0.0003427023825469,0.0001192791519571,0.3480546329171675,1.6202368157032237e-06,1.1582916952766306e-06,2.3739779596653163e-06,2.463834009836292e-06,1.4502948130807318e-06,0.5886333280938417,0.1002754060291292,0.0923452341080608,0.1133787690945037,0.0885367580655879,0.0292139629467262,0.2481000769725319,2.8990386265086245,2.5044129481213657,3.0842977456849594,2.501457229249596,0.6170676260932924,0.1978716395465267,True,extrapolative,True,False,False,False,2.201914786511049,24.81000769725319,75.94555859113177
screen_0030,600.0,300.0,1200.0,5,0.9,0.4,True,True,False,8,6.946395757352657e-05,5.555868986863985e-05,0.000169203162541,0.0001817639636539,0.000128247529026,0.7055718110895156,0.0023252292249896,0.0010768606795003,0.0036156387152433,0.0039662873484331,0.0029834928032472,0.7522129742883754,5.285373684607705,4.403217819412364,7.5095080207265585,7.570632005688661,3.475158488009761,0.4590314897618173,0.0002809145640584,0.0002332310273523,0.0003317804759962,0.0003525919967181,0.0001225142410431,0.3474674473143276,1.8811848747783969e-06,1.3539313501718122e-06,2.7540689296477603e-06,2.85445691930944e-06,1.6700213862632343e-06,0.5850574850039256,0.1433681978261691,0.1261885663159739,0.1594895748213652,0.1208243819134363,0.0448701436295611,0.2708003990024245,4.0356243154496205,3.4399369351719398,4.492649735363149,3.4252143560726607,1.197734525237104,0.2590845272115066,True,proxy_supported,True,True,False,True,2.4016158253505204,27.080039900242447,70.55718110895157
screen_0031,600.0,300.0,1200.0,5,0.9,0.5,True,False,False,8,4.395588403157936e-05,3.565548677036291e-05,8.666930421616076e-05,8.979554055635574e-05,5.5939736989691714e-05,0.6229678739400638,0.0013690079439823,0.0006845578312004,0.0024559619751427,0.0027362820614206,0.0021145422295426,0.7727793341761028,5.306072448895884,4.366343086486601,7.377042638066227,7.428207742171383,3.3965775712522674,0.4572539822720943,0.0002893706668695,0.0002394855557608,0.0003392458625022,0.0003589696458111,0.0001225286508539,0.3413342946505791,2.150780793433857e-06,1.5625833277598602e-06,3.1231872060194296e-06,3.233630256494887e-06,1.8683392332892076e-06,0.5777838172860261,0.209860989278117,0.1834650724964971,0.2378433138821991,0.1763960637296427,0.0662490857640555,0.2730286836653871,5.908095508236549,5.079327615333418,6.827709338049211,5.000599384603933,2.151792085308302,0.3008493165342229,True,extrapolative,True,False,True,False,2.5628391367016827,27.302868366538707,62.29678739400638
screen_0032,600.0,300.0,1200.0,5,0.9,0.7,False,False,False,8,2.388839679191213e-05,1.9384391924805275e-05,3.07022238410139e-05,3.0770339695023844e-05,1.20850519155547e-05,0.3927500325096861,0.0006163015025574,0.0003564303228657,0.0013344228046515,0.0015668190055942,0.0012236758378438,0.780993741762653,5.00366547557835,4.004635339559724,6.549550585620573,6.59531100876697,2.9602720243845737,0.4488449476377328,0.0003062792918932,0.0002499630743584,0.0003446913973921,0.0003583937025743,0.0001105139713889,0.3083591329735736,2.626984699216418e-06,1.9766161701385727e-06,3.6553971427101967e-06,3.7808789763412633e-06,2.062533673096736e-06,0.545516977931052,0.4105962556957869,0.3607200031606001,0.4535940166889101,0.3556346212405897,0.1013723318744015,0.2218179202382823,11.26617365454436,10.227612689437304,13.288310147830463,10.081779777383405,3.8919637874555058,0.2785197659737055,True,extrapolative,True,False,True,False,2.8049811690780744,22.18179202382823,39.27500325096861
screen_0033,600.0,300.0,1200.0,5,1.0,0.0,True,False,False,8,0.0409177466673743,0.020663163010543,0.070682846837076,0.0775949864147809,0.0624534432628861,0.8048644139074105,1.0,1.0,1.0,1.0,0.0,0.0,2.258167185794723,1.7443748435814217,3.3011606028273794,3.3583645163123923,1.742741564657213,0.518925672359952,9.632310959883476e-05,7.704397312126593e-05,0.000132927505726,0.0001352728367044,5.976404587469111e-05,0.4418037451619965,1.3987368697094131e-05,9.67282792787627e-06,2.7311759805341518e-05,2.766871945082685e-05,1.9280631833477856e-05,0.6968386038878166,0.0422624113617557,0.0395290889450345,0.0458231456451669,0.0388418404670099,0.0071820207181916,0.1560499387326699,1.0,1.0,1.0,1.0,0.0,0.0,True,extrapolative,False,False,False,False,-0.0,15.60499387326699,80.48644139074105
screen_0034,600.0,300.0,1200.0,5,1.0,0.05,True,False,False,8,0.0033782797342944,0.0014608459487492,0.0081783039816471,0.0087673975954477,0.0075694809343132,0.8633669058471245,0.0861995202056738,0.0637505941609708,0.1191502844751448,0.1224677765359183,0.0641181181716387,0.5235509289485112,2.3480011581640223,1.803151736981542,3.3825213187638017,3.440315411336233,1.7774889996987258,0.5166645458848617,0.0001001614999659,8.009123152542618e-05,0.0001384553974634,0.0001407982738199,6.238313358551447e-05,0.4430674602254777,1.4696836845535393e-05,1.0237368477859834e-05,2.8225731745274564e-05,2.8570964088977656e-05,1.974846303035453e-05,0.6912074429428602,0.0510841493834972,0.0473733657611145,0.0553839968961591,0.0470237490240941,0.0091578021467786,0.163003725527722,1.2066369903872054,1.1800551183235055,1.224657844791354,1.1768698531341055,0.0499165202198288,0.040688844695398,True,extrapolative,True,False,False,False,0.9119781669204704,16.3003725527722,86.33669058471244
screen_0035,600.0,300.0,1200.0,5,1.0,0.1,True,False,False,8,0.0009095711504873,0.0005699381177949,0.0028057694285777,0.0030729347149186,0.0026067067505129,0.8482792484518988,0.0292693323528376,0.017776750052067,0.0398131903058505,0.0399267828172753,0.0234895600048119,0.5883158708857607,2.4302317986212403,1.8535395353687856,3.447669577891652,3.5049854434838457,1.8031691079584733,0.51445837280459,0.0001040622184002,8.315220113143816e-05,0.0001435326928868,0.0001459016315285,6.452991892717584e-05,0.4422837376878185,1.5368887143057992e-05,1.0772933183404183e-05,2.8953113487478704e-05,2.927008204621133e-05,2.0036472666891957e-05,0.6845376324965048,0.059110793191782,0.0544104262045297,0.0642397736524618,0.054323400944338,0.0117193350125029,0.1774507800549256,1.3931250497420984,1.332199382691324,1.4328136119795276,1.331279460489669,0.1036878424726532,0.0722579826443444,True,extrapolative,True,False,False,False,1.398735682567857,17.74507800549256,84.82792484518988
screen_0036,600.0,300.0,1200.0,5,1.0,0.2,True,False,False,8,0.0002649456491222,0.0001859728694001,0.0008273786360742,0.0009303846356855,0.0007600859904318,0.8169588805298517,0.0087457964879791,0.0044095342675016,0.0117301633209682,0.0119902673957846,0.0079349580738193,0.6617832456855001,2.5688916162712268,1.9271995542308435,3.5279782785428235,3.581501808242869,1.8282511996215496,0.5104705504863373,0.0001119899898425,8.925259073667166e-05,0.0001521215806189,0.0001546093749257,6.722943621590684e-05,0.4348341505695564,1.6571459188715027e-05,1.1732671762470647e-05,2.98247193852738e-05,3.004238404716992e-05,2.007263703295682e-05,0.668143946280712,0.0841300418662967,0.0767261932784778,0.0930323337223571,0.0747231864050494,0.0224085493935087,0.2307026556179526,1.9966727911751203,1.8315447514462533,2.0966936293915523,1.8312079426932757,0.2792567879319292,0.132320044907456,True,extrapolative,True,False,False,False,1.9211711315617992,23.07026556179526,81.69588805298517
screen_0037,600.0,300.0,1200.0,5,1.0,0.3,True,True,False,8,0.0001233662691598,9.401828713205006e-05,0.0003596184759448,0.0003988149612868,0.0003063676072054,0.7681948696632476,0.0044127845649878,0.0019722602935817,0.0057674984776275,0.0061055437450419,0.0042778495371712,0.7006500511351029,2.664516974093857,1.963305272694143,3.540629235245913,3.5871805859680026,1.81887565097751,0.5070488110056175,0.0001199905262666,9.524518422668232e-05,0.0001584734137855,0.0001611421033627,6.770683851782579e-05,0.4201685165138417,1.7546559018246886e-05,1.245580788288979e-05,2.991943248272108e-05,2.999586431966669e-05,1.9426551339894e-05,0.6476409925336623,0.1155297855552608,0.1046914313996651,0.1306485483591185,0.1005302904464985,0.03629900546087,0.2652867956394654,2.7609348410106365,2.467080781294827,2.9765921767173853,2.463651179822412,0.5148710737692568,0.1728612479387711,True,proxy_supported,True,False,False,False,2.2142756527746803,26.52867956394654,76.81948696632476
screen_0038,600.0,300.0,1200.0,5,1.0,0.4,True,True,False,8,6.965195416957666e-05,5.578447396554171e-05,0.000176101697112,0.0001895871312238,0.0001353877237924,0.7141187427569239,0.0024088742837305,0.0011048800939794,0.0035270276261663,0.0038786118672606,0.0028566982889187,0.736525949665685,2.700036169076066,1.9620944320651008,3.4858327769953226,3.522871348304146,1.7748536443804714,0.5038088164175674,0.0001279623304285,0.0001010764769919,0.0001626670464184,0.0001655485549215,6.608197612460085e-05,0.3991697550965375,1.8257105014563812e-05,1.280634281274281e-05,2.9357908062270292e-05,2.9444380022747284e-05,1.8431315177044094e-05,0.6259705642572527,0.1663780235058098,0.1479576904853439,0.1888659503516239,0.1411063299665608,0.0554959507698993,0.2822752135021777,3.9277304329020906,3.490953718450944,4.415261663904792,3.458030159452667,1.0345087506213142,0.2302726300937654,True,proxy_supported,True,False,False,False,2.4113236780799596,28.22752135021777,71.41187427569238
screen_0039,600.0,300.0,1200.0,5,1.0,0.5,True,True,False,8,4.4303401642124994e-05,3.612874721567797e-05,9.06115051860967e-05,9.416419908589197e-05,5.968683781124543e-05,0.6338591353259642,0.0013983372430185,0.0007057973248379,0.0024092528566375,0.0026911021943006,0.0020410418836491,0.7584408678242689,2.6986928782821336,1.925373039503656,3.365109682039068,3.39064353126623,1.6954672021751551,0.5000428934922528,0.0001358235628794,0.0001067413066882,0.000165017883279,0.0001681122902923,6.267827274990002e-05,0.3728357554401295,1.8564773866757968e-05,1.2946582927358284e-05,2.8216910686590685e-05,2.8468086243107862e-05,1.7179091593162758e-05,0.6034508764115405,0.2362680425443928,0.2074623796542646,0.271510654314918,0.199411232832856,0.0790509487304352,0.2838839668878622,5.548965887744501,4.966858726773801,6.445196652564842,4.886882519253866,1.770903827379441,0.2659898854031186,True,proxy_supported,True,True,False,True,2.5700698096393992,28.388396688786223,63.38591353259642
screen_0040,600.0,300.0,1200.0,5,1.0,0.7,False,False,False,8,2.4022524978631013e-05,1.9640188979837182e-05,3.166714351357934e-05,3.175696306607467e-05,1.2768882704228522e-05,0.4020813538643834,0.0006260119712545,0.000375952445554,0.0013208991982644,0.0015542172148387,0.0011962026521705,0.769649596433431,2.5368197828642587,1.7554890358201063,2.934148805347736,2.9351245193642868,1.4289536315694256,0.4868459999369703,0.0001509851586836,0.0001177645210143,0.0001660940793007,0.0001694542936818,5.22720542248e-05,0.3084728813243061,1.7895283262937416e-05,1.2604661080579238e-05,2.432397326384379e-05,2.483913056231373e-05,1.3529768802183552e-05,0.544695748035203,0.4444534998192792,0.391651334358246,0.5039530013397605,0.3844373772019612,0.1239934968013043,0.2438748375467615,10.257349743920395,9.575578568045673,12.160742300919631,9.421236064323276,3.3391518613854263,0.2616810618004759,True,extrapolative,True,False,True,False,2.8084882850116415,24.38748375467615,40.208135386438336
screen_0041,600.0,300.0,1200.0,5,1.1,0.0,True,False,False,8,0.0413347756664055,0.0209096234961748,0.0689859857187328,0.0750403272773066,0.05970242744178,0.7956045716745558,1.0,1.0,1.0,1.0,0.0,0.0,0.574603447828135,0.4406873645659829,0.938049614962137,0.9937527220197656,0.5813852839475895,0.585040192660751,2.512112890514506e-05,1.6791583860052034e-05,5.342681382909297e-05,5.849605609544043e-05,4.285337127302589e-05,0.7325856499301013,0.0002366147314941,0.0001638939502563,0.0003975912883519,0.0004154539001086,0.0002721793189852,0.6551372340325897,0.0508839434848164,0.0463397219086415,0.0555901711671708,0.046081328759513,0.0101108838276711,0.1799338976372166,1.0,1.0,1.0,1.0,0.0,0.0,True,extrapolative,False,False,False,False,-0.0,17.99338976372166,79.56045716745558
screen_0042,600.0,300.0,1200.0,5,1.1,0.05,True,False,False,8,0.0032278954709122,0.0014420068823686,0.0077823407290539,0.0082769352756016,0.00709538548498,0.8572479122671863,0.0824582706044092,0.0612611570444273,0.1158703464296116,0.1188698557515651,0.0627825361127256,0.5281619609595515,0.6388012156088516,0.4743301229203604,1.0003570619127489,1.0451715270659474,0.6078210993765227,0.5815515287551178,2.788974531611437e-05,1.862295641422736e-05,5.635544788734437e-05,6.157201616226754e-05,4.426688651342556e-05,0.718944892055575,0.0002331261754962,0.0001616560976289,0.0003849117819105,0.0003982069441404,0.0002575211513548,0.6467018095596119,0.060674413561714,0.0549779988096957,0.0675236789573495,0.0541414536355274,0.014615341220517,0.2125657726064327,1.2044380086184496,1.1779846030790069,1.2250477916191969,1.174910860710597,0.0509164771432033,0.0415364183608017,True,extrapolative,True,False,False,False,0.924928264309422,21.25657726064327,85.72479122671864
screen_0043,600.0,300.0,1200.0,5,1.1,0.1,True,False,False,8,0.0008823387906378,0.0005616573050079,0.0027272024234999,0.0029654748623312,0.0025074669428719,0.8455532618815546,0.0281602433117279,0.0174805284777685,0.0395501137662356,0.0395671818501035,0.0233498501819733,0.5901317478316246,0.7004801063087926,0.5054808640403504,1.054906187452436,1.0893380469547782,0.6294185696167561,0.5777991243180045,3.052177998043399e-05,2.047843273214219e-05,5.875421790936356e-05,6.401484700959923e-05,4.503507788935809e-05,0.7035098886138856,0.0002285337922052,0.0001586090007462,0.0003702867340644,0.0003796959433269,0.0002422837755563,0.6380994577753634,0.0721948794789193,0.0654036657029077,0.0820802979123516,0.0637787317755686,0.0201406923694306,0.2400003643331815,1.4484544180143746,1.3892282276908534,1.4976333147162402,1.3840471508192385,0.1158467264804088,0.0772366153590645,True,extrapolative,True,False,False,False,1.4026648810085294,24.00003643331815,84.55532618815546
screen_0044,600.0,300.0,1200.0,5,1.1,0.2,True,False,False,8,0.0002627486430381,0.0001839589184679,0.0008277283280522,0.0009267529872601,0.0007588680836279,0.8188461154805192,0.0085082037851707,0.0044389131404028,0.0119300414084092,0.0123500659030356,0.0082373140364181,0.6669854315832734,0.8115049974492523,0.55943864530488,1.1383108566157645,1.1542329876062591,0.6571718229835932,0.5693580325983307,3.5257727788925864e-05,2.4155902730978408e-05,6.191923886995373e-05,6.6951541725044e-05,4.468103209038456e-05,0.6673637520384553,0.0002136469813723,0.0001506300089846,0.0003365938958654,0.0003399309163652,0.0002104750404173,0.6191700439252754,0.0939753207068722,0.0844846767573825,0.1093085894351789,0.081415056239102,0.0317769171007162,0.2807347214039412,1.879813718460028,1.75006935274149,2.0073233137352,1.7410773155202728,0.2732938602756092,0.1356720467207987,True,extrapolative,True,False,False,False,1.9083307248943286,28.073472140394117,81.88461154805192
screen_0045,600.0,300.0,1200.0,5,1.1,0.3,True,True,False,8,0.0001235346446158,9.371978483905163e-05,0.0003674200637144,0.0004068795150557,0.0003152953451651,0.7749108360051516,0.0043190782583041,0.0020085598314311,0.0057789671887385,0.0059711023590324,0.0040920661240326,0.6853116690995273,0.9015543841604948,0.599676320002659,1.186280664947493,1.186304549177568,0.6638743811352145,0.5596154727683209,3.913182808759293e-05,2.7707781806977725e-05,6.301462358814751e-05,6.743892352885448e-05,4.2005957349163406e-05,0.6228740785162548,0.0001937407854268,0.0001406290838823,0.0003001142818855,0.0003011972723472,0.0001812561055029,0.6017853484876852,0.1307141525762424,0.1150467653302586,0.1532010806559011,0.1113023538504365,0.0484222450476489,0.3031608492474316,2.5847990935229217,2.376308387745589,2.8209918231986726,2.355288126153937,0.4871804570197091,0.1713934359393225,True,proxy_supported,True,False,False,False,2.2239454839041493,30.31608492474316,77.49108360051517
screen_0046,600.0,300.0,1200.0,5,1.1,0.4,True,True,False,8,7.02080891817741e-05,5.6290761020787306e-05,0.0001831251141678,0.0001974446978524,0.0001423287491674,0.7208537414048101,0.0024953952223781,0.0011335555125464,0.0034584413156399,0.0038122921642325,0.0027521101297626,0.7219043061765801,0.9662058512690588,0.6238038707949078,1.21133869031175,1.22498944785404,0.6901694887976247,0.5634085175237035,4.237587198222888e-05,3.108128690762444e-05,6.243314449551868e-05,6.601243868645785e-05,3.756134683349782e-05,0.5690040783359722,0.0001731680209028,0.0001289588587995,0.0002639884533087,0.0002682013305873,0.0001589372693183,0.5926043281376102,0.1965570287790325,0.1709378825148686,0.2283144656851951,0.1639322985804939,0.0742439273639226,0.3117184642150181,3.812429963167461,3.553402101103071,4.327454621608196,3.551219243017937,0.8240810020747418,0.1883484460292817,True,proxy_supported,True,True,False,True,2.4188138235500336,31.171846421501808,72.08537414048101
screen_0047,600.0,300.0,1200.0,5,1.1,0.5,True,True,False,8,4.484893695872484e-05,3.67482617952639e-05,9.48146138116022e-05,9.88046784379413e-05,6.35810928874502e-05,0.6435028572800341,0.0014314164307664,0.0007270031684438,0.0023736236371375,0.0026577609596517,0.0019802181887979,0.7450700867610731,1.0031103816940123,0.6317451775859176,1.2025253080624327,1.227193476782429,0.6928531513376351,0.5645834698813935,4.553944094648891e-05,3.377786414731306e-05,6.081593987577872e-05,6.347189326255929e-05,3.2130265770245755e-05,0.5062125000326516,0.0001561815669576,0.0001136292816174,0.0002274398820493,0.0002336282718094,0.0001356342196079,0.5805556774336709,0.2662474618795667,0.2320029771423043,0.311483520033062,0.2222132672208608,0.1009957005982495,0.3124780270786718,5.13688029238239,4.869962592178599,6.035180082683437,4.822197475696428,1.3655469729669203,0.2206857416779551,True,proxy_supported,True,False,False,False,2.575484082299463,31.24780270786718,64.35028572800341
screen_0048,600.0,300.0,1200.0,5,1.1,0.7,False,False,False,8,2.4248092960152416e-05,1.9963086080375285e-05,3.272124652831979e-05,3.283444817227532e-05,1.3482854496543407e-05,0.4106313718385568,0.0006373746692844,0.0003947316445057,0.0013111178555377,0.0015458315489049,0.0011735942483979,0.7591993120009033,0.9940754881748156,0.6068038076742068,1.137036154310664,1.1374155192503927,0.6356361787722531,0.5588425408430909,5.104914139468423e-05,3.83262685731541e-05,5.957058554565482e-05,6.027471174016417e-05,2.327052740763869e-05,0.3860744703011549,0.0001210968440992,8.505912908376283e-05,0.0001591776081234,0.0001663771100852,9.060318332608028e-05,0.5445651945732398,0.4781515753729393,0.4150223140398761,0.5518734185796416,0.404052803962355,0.1576374551282563,0.2806483690557048,9.04204054107908,8.800536165800871,10.907150287686552,8.768254189695922,2.6295834995478966,0.2307089793031045,True,extrapolative,True,False,True,False,2.810837833423484,28.064836905570477,41.06313718385568
screen_0049,600.0,300.0,1200.0,5,1.2,0.0,True,False,False,8,0.041830170237712,0.0211796529908044,0.0675854014026052,0.0729434559338834,0.0573936332586866,0.7868236091076999,1.0,1.0,1.0,1.0,0.0,0.0,0.202588643401415,0.152840839592401,0.3091883583329237,0.3216239509336624,0.1693960157408948,0.5266896798237337,9.11613501518371e-06,6.267100062299247e-06,2.1370884167415163e-05,2.202030145609598e-05,1.5917246466480292e-05,0.7228441671525732,0.0008060955484242,0.0005404921307158,0.0012692598431683,0.0012928254989737,0.000831240787033,0.6429644122063453,0.0514865989281978,0.0458218215092189,0.0563911690027588,0.045458138906766,0.0110231458755819,0.195164573859463,1.0,1.0,1.0,1.0,0.0,0.0,True,extrapolative,False,False,False,False,-0.0,19.5164573859463,78.68236091076999
screen_0050,600.0,300.0,1200.0,5,1.2,0.05,True,False,False,8,0.0031222300303741,0.0014323942532943,0.007473177563234,0.0078918130561256,0.0067191368514052,0.8514059828355701,0.0796141958931562,0.0593157618032186,0.1133805072027596,0.1161749486585377,0.0619361497173642,0.533128272769093,0.2165868132172041,0.1646756088551483,0.3448051019754276,0.3665720962563125,0.2027172428068833,0.5530078390504128,9.812949028251754e-06,6.704897983844596e-06,2.41919532004672e-05,2.577865388206716e-05,1.934831522181485e-05,0.7505556849605111,0.000751755819856,0.0005149199160916,0.0012195821310463,0.0012739439599073,0.0008320585342703,0.6531358995814429,0.0583443967490532,0.0518096894414983,0.0652953667879338,0.0507609565266669,0.0151233713922021,0.2295442917900788,1.141413064341746,1.1198150876091533,1.1659633475261637,1.1166527655427536,0.0498279222241053,0.0427164570718245,True,extrapolative,True,False,False,False,0.934887510777811,22.954429179007878,85.14059828355701
screen_0051,600.0,300.0,1200.0,5,1.2,0.1,True,False,False,8,0.0008669593544535,0.0005572100124948,0.0026676533062703,0.0028817628714591,0.0024286883320016,0.8427786880229676,0.027338862333628,0.0173064157334235,0.039464643522566,0.0395068047512192,0.0234013368085816,0.592336863381983,0.2351517557450726,0.1808327719880201,0.3852913405242427,0.4148132485788516,0.2392476083047023,0.5767598048624619,1.1091838555794946e-05,7.383646241436019e-06,2.734272839202242e-05,2.9889492156852755e-05,2.2894768677452363e-05,0.7659805177453738,0.0007242710059271,0.0005048810782309,0.0011888316369875,0.0012523678748997,0.0008160967513231,0.651642993787636,0.0665920432613371,0.0590236614488244,0.0761840288654786,0.0573637487428799,0.0200767160403816,0.2592535581568614,1.315712532109734,1.2670247135975985,1.3715338391106249,1.261902711427147,0.1098745030652474,0.080096463116939,True,extrapolative,True,False,False,False,1.4033280939588715,25.925355815686142,84.27786880229677
screen_0052,600.0,300.0,1200.0,5,1.2,0.2,True,False,False,8,0.0002623123960541,0.0001831672848113,0.0008298520188701,0.0009252510722417,0.0007586766356493,0.8199683938881334,0.0083229543450963,0.0044811407474151,0.0122084852897859,0.012684497332843,0.0085064406961007,0.6706170905232205,0.3055686256724574,0.2275569694523312,0.4726658626063612,0.5002896954787713,0.2956333666634896,0.5909243570978849,1.5140195309770244e-05,9.429165977346004e-06,3.312261428743016e-05,3.685025854308766e-05,2.814680998757518e-05,0.7638158075516388,0.0006964156852214,0.0005077167018337,0.0011256584231582,0.0011720458146427,0.0007262315386388,0.6196272616359223,0.0897300642789852,0.0791087468573143,0.106158528280275,0.0757230549789279,0.033267088449869,0.3052302474636373,1.7859618687757255,1.6650211911437114,1.93657381515596,1.664615014028425,0.2756771683979775,0.1420802345620099,True,extrapolative,True,False,False,False,1.8967267385248692,30.52302474636373,81.99683938881334
screen_0053,600.0,300.0,1200.0,5,1.2,0.3,True,False,False,8,0.0001243082999485,9.390599600205628e-05,0.0003752052259391,0.0004147974979833,0.0003235666201241,0.780059237814445,0.0042460096163489,0.0020471377388356,0.0058038496157455,0.005867004387428,0.0039364664627076,0.6709499776654012,0.3949884120337454,0.2737978378938403,0.547479260641205,0.5547458771126736,0.319478348397911,0.5759003565032755,1.972773658373639e-05,1.2135529442099093e-05,3.656081506052022e-05,4.01817002134287e-05,2.914998673923486e-05,0.7254542885045205,0.0006769820765273,0.0004953742547068,0.0010339044840296,0.0010449894028004,0.0006126710424185,0.5862940243955032,0.1294509942548115,0.112117935238948,0.1548976115646093,0.1065315162550016,0.0533954153342322,0.3338738185221753,2.5539609926057336,2.3436254863778148,2.840427082825134,2.343508089354389,0.5017242279952838,0.1763385804863339,True,extrapolative,True,False,False,False,2.2315835870120546,33.38738185221753,78.0059237814445
screen_0054,600.0,300.0,1200.0,5,1.2,0.4,True,True,False,8,7.103355465509507e-05,5.7010582277860895e-05,0.0001901051819701,0.000205151744192,0.0001489412359162,0.7260052138617062,0.0025465147642749,0.0011624470396638,0.0034299794417539,0.0037618714513901,0.0026643489645341,0.7082509328035733,0.471742212070269,0.3056960186139561,0.6032952808096672,0.6165792494019202,0.3586041150121511,0.5816026331732636,2.3604904100364516e-05,1.4645872448832928e-05,3.727653351975055e-05,4.014840450414192e-05,2.692246394178197e-05,0.6705736946285002,0.0006253616752947,0.0004589936637054,0.0009236453118263,0.0009381700520491,0.0005420567396495,0.5777809027964271,0.1829292995922198,0.1563221789757566,0.2179947109177055,0.1477898848890707,0.0789580689127357,0.3482195432808651,3.525491535027539,3.266252704180582,3.985818995420439,3.2511204471477737,0.7634474699168883,0.1901692749228911,True,proxy_supported,True,False,False,False,2.4245960490051472,34.821954328086505,72.60052138617063
screen_0055,600.0,300.0,1200.0,5,1.2,0.5,True,False,False,8,4.554276278675212e-05,3.748186885773395e-05,9.918579606146031e-05,0.0001036117401452,6.754181413857213e-05,0.651874141327228,0.0014661543655919,0.0007480348934214,0.0023460355569407,0.0026328775993966,0.0019286043930902,0.7325081855427464,0.5202751427636978,0.3225462089469698,0.6302926398721835,0.6580386443593135,0.3890191269095451,0.5911797585813612,2.521857598895657e-05,1.6562937273419242e-05,3.595399090479532e-05,3.8006497182106935e-05,2.3096715421824796e-05,0.6077043962025126,0.0005490821400001,0.0004092685095641,0.0008003697748133,0.0008289235332014,0.0004777537770383,0.5763544620251748,0.2783056797020344,0.2332179968709636,0.3262769301463586,0.2215037588754962,0.1185097589514832,0.348544257030947,5.280172762947983,4.92701509638666,6.158498457257542,4.8726974795382025,1.3604134551012823,0.2182559350164954,True,extrapolative,True,False,False,False,2.5795693304656204,34.8544257030947,65.1874141327228
screen_0056,600.0,300.0,1200.0,5,1.2,0.7,False,False,False,8,2.4544126396666622e-05,2.033608544582094e-05,3.3845895054460566e-05,3.398399513664042e-05,1.4222141292337676e-05,0.4184952721171924,0.0006498533900156,0.0004057084204851,0.0013041945969251,0.0015406175490689,0.0011547630239742,0.7495455472853348,0.5360713674331998,0.3206477774027967,0.6370982166314108,0.6463598636102958,0.3838174086210823,0.5938138028516171,2.5666344465277457e-05,1.8887658527704708e-05,3.3831513412803545e-05,3.50055466412909e-05,1.7820576646991664e-05,0.5090786562941813,0.0004116552246187,0.0002947784263019,0.0005495852462957,0.000584733437412,0.0003271742479823,0.5595271743486337,0.500940164219015,0.421759659159912,0.5811762060776002,0.4071825039462933,0.1896658480978913,0.3177789591749604,9.382228412041066,8.91225932764033,11.313321985009374,8.888002911067902,2.827083553457495,0.2413199050658501,True,extrapolative,True,False,False,False,2.8123051594279653,31.77789591749604,41.84952721171924
screen_0057,600.0,300.0,1200.0,5,1.3,0.0,True,False,False,8,0.0423911451845536,0.0214699845330172,0.0664294958228912,0.0712091137817996,0.0554341200320667,0.7784694554959503,1.0,1.0,1.0,1.0,0.0,0.0,0.0938952502994883,0.077401564690125,0.1505569968502901,0.1636521028308855,0.0891257607897396,0.5446050447750144,0.0002318828190909,0.0001275840299381,0.0003617540152496,0.000368010990647,0.0002493344349656,0.6775189907433069,0.1310513224873362,0.0463828025629501,0.3762444818556056,0.4231891328675814,0.3811809700783229,0.9007343064208524,0.0431552785580445,0.0383821122135171,0.0477942445244393,0.0383143913086789,0.009806054739405,0.203781459748033,1.0,1.0,1.0,1.0,0.0,0.0,True,extrapolative,False,False,False,False,-0.0,20.3781459748033,77.84694554959502
screen_0058,600.0,300.0,1200.0,5,1.3,0.05,True,False,False,8,0.0030489929252409,0.0014300227122833,0.0072281411804006,0.007584246734895,0.0064145350978005,0.8457708882659797,0.0774207019239136,0.0577774169704018,0.111442316057947,0.1140999629139348,0.0613916942836294,0.5380518338111726,0.1093576495173607,0.0894020194069478,0.1674370668578229,0.1770025156063535,0.0886752631839866,0.500983067275704,0.0001325862542686,6.084076777109245e-05,0.0002251897121561,0.0002543888299185,0.0002097645343098,0.8245823308243841,0.0572903024698071,0.0164201958952314,0.1928138017468642,0.2173382722091743,0.2049314515925978,0.9429146993280793,0.0517818733550711,0.0460348748496065,0.0580560139651042,0.0450507810407377,0.0130887473948093,0.2251264801591821,1.2038827021578151,1.1840677984038426,1.2391274374715713,1.175818785108375,0.0671080684204035,0.0539919692215819,True,extrapolative,True,False,False,False,0.942714496741085,22.51264801591821,84.57708882659797
screen_0059,600.0,300.0,1200.0,5,1.3,0.1,True,False,False,8,0.0008584123606764,0.0005557492947033,0.0026221526616173,0.0028156153916393,0.0023648972592553,0.8399219816306004,0.0267217312195911,0.0172198584476746,0.0394623242052419,0.0395400987613322,0.0234689820220507,0.5935488973791325,0.123226398636614,0.098705713899019,0.1815705221864469,0.1854241776094282,0.0868233129444156,0.4682415964508016,6.0663980342823086e-05,2.6785579559627755e-05,0.0001205681593774,0.0001368731563044,0.0001164883531345,0.8510679250757847,0.0236957211392074,0.0054412510257392,0.0783638113209409,0.0878205345248685,0.0835791425945452,0.9517038702477694,0.0588041795078164,0.0522298186455292,0.0678514458262418,0.0508259915030308,0.0178662761965446,0.2600915182285507,1.378495611628019,1.33559062823458,1.460420006538239,1.326550932091091,0.1364100102328425,0.0932424142616912,True,extrapolative,True,False,False,False,1.4029622502613948,26.00915182285507,83.99219816306004
screen_0060,600.0,300.0,1200.0,5,1.3,0.2,True,False,False,8,0.0002632111874691,0.0001833167299509,0.0008332644687906,0.0009253185149034,0.0007592004212291,0.8204746895271601,0.0081935892946876,0.0045324941788851,0.0124740658647528,0.0129943832433974,0.0087454494309483,0.67301766210351,0.1467945748582701,0.1097968132657599,0.2109541679868944,0.2114771513120933,0.1028030661703056,0.4861190229415899,1.338630872898203e-05,7.945900887226959e-06,1.836083789548615e-05,1.9049087874051016e-05,1.116962074062104e-05,0.5863598726864231,0.0028816139275442,0.0013848516138992,0.0061619094812845,0.0066349319796492,0.00567997005095,0.8560705774184002,0.0814170308260365,0.0715920045123766,0.0981253460693376,0.0686238857671725,0.0317775024941465,0.3165046125800355,1.9219110247023967,1.799896498964904,2.1392641676955693,1.7910733649480677,0.3544343122611291,0.1651983425769723,True,extrapolative,True,False,False,False,1.8862443287328574,31.65046125800355,82.047468952716
screen_0061,600.0,300.0,1200.0,5,1.3,0.3,True,False,False,8,0.0001255532498057,9.447510386903628e-05,0.0003828784416343,0.0004224952567034,0.0003312160779663,0.7839521810272858,0.0041880304831251,0.0020872399212062,0.0058817681201093,0.0059331626847374,0.0039511736776943,0.665947301235876,0.1691537847196903,0.1267553901003271,0.2577686055416398,0.2690576348701067,0.1505940264003693,0.5597091733638102,9.275206836272265e-06,5.791942108432343e-06,2.079529442640348e-05,2.2495868380768315e-05,1.691068577148642e-05,0.7517240715163208,0.0014111657864359,0.0009968816921174,0.0022242898080595,0.0022889587010478,0.0014244835083916,0.6223281825659521,0.1107820017313095,0.0951267019328079,0.1354523053986079,0.0903805683399615,0.0494128613495915,0.3534705562294692,2.60513841544003,2.3553956229862423,2.972205353187663,2.353498100839085,0.6239597857669099,0.2095612463819469,True,extrapolative,True,False,False,False,2.226713743333691,35.34705562294692,78.39521810272858
screen_0062,600.0,300.0,1200.0,5,1.3,0.4,True,False,False,8,7.206759531985592e-05,5.789502274749456e-05,0.0001969418403519,0.0002126087575108,0.0001551630105268,0.7298053586479697,0.0025199681658669,0.0011912541660107,0.0034649060733772,0.0037229423323022,0.0025890274538872,0.6954250758663278,0.2183559913687799,0.1574975032258488,0.3166070192665348,0.3238012656828993,0.1892299884660994,0.5844016331036014,1.2108549840755488e-05,7.433764206584476e-06,2.4589003776448543e-05,2.735674703963847e-05,2.0543844088586505e-05,0.7509607797600925,0.001317263387,0.0010021818459153,0.0020603589529741,0.0021003872371025,0.0012139335665476,0.5779570286392668,0.1664608859929359,0.138953289210653,0.2009468698599426,0.1308708302274672,0.0768052139537741,0.3698318419756941,3.87585214325744,3.440361069682243,4.399860960681176,3.4157094960248684,0.985284406769472,0.2238777032033335,True,extrapolative,True,False,False,False,2.4291136908718327,36.98318419756941,72.98053586479696
screen_0063,600.0,300.0,1200.0,5,1.3,0.5,True,False,False,8,4.634573054477656e-05,3.830225966180495e-05,0.0001036463586075,0.0001084939165219,7.15041136707473e-05,0.6590610419738498,0.0015189291259272,0.0007687113493263,0.0023245549284172,0.0026144031984921,0.0018842658079157,0.7207250239758397,0.2852090966845579,0.1890516177891668,0.3734399916120572,0.3858741882069135,0.2310217671484954,0.5986971251485133,1.6135915769870116e-05,9.721377956043586e-06,2.6113117411530048e-05,2.83648987307068e-05,1.9644622838149877e-05,0.6925680583122734,0.0012700350416849,0.0009563719833823,0.0018743657179217,0.0019093571851459,0.0010747759072974,0.562899344166122,0.2361864017530465,0.1953080713044345,0.282046511591407,0.1836980941831349,0.1091575216326699,0.3727349442440808,5.423675262728075,4.8941243605901,6.163296236084946,4.79449334593824,1.4115945284996974,0.2274531970960112,True,extrapolative,True,False,False,False,2.582627433826297,37.273494424408085,65.90610419738499
screen_0064,600.0,300.0,1200.0,5,1.3,0.7,False,False,False,8,2.4895738167085818e-05,2.07515734652234e-05,3.502627448434971e-05,3.519087087815699e-05,1.4979755732633128e-05,0.4256716403665667,0.0006629535337308,0.0004163774313219,0.0012993077160527,0.0015376282366233,0.0011386833995185,0.740545323243484,0.3507613362462217,0.2116602249162724,0.4244077911772331,0.4430770110825531,0.2715177735463749,0.6128004088566589,1.877969900375485e-05,1.2164607341964353e-05,2.4514772316197844e-05,2.5076714610674148e-05,1.412461626759742e-05,0.5632562513426356,0.0009852176458998,0.0007263820097025,0.0013557221040715,0.0014494573749371,0.0008249674157737,0.5691560373132738,0.5054110449302562,0.4024517036137828,0.571152025695591,0.3845977476539094,0.2034844864464999,0.346013660415657,11.142371885742982,10.14215530126298,13.186418896978209,10.037944869211351,3.538318965167699,0.2606253832669077,True,extrapolative,True,False,False,False,2.8131486543262265,34.601366041565704,42.56716403665667
screen_0065,600.0,300.0,1200.0,5,1.4,0.0,True,False,False,8,0.0430078858430495,0.0217781037068679,0.0654772332377362,0.0697668485498963,0.0537551535600786,0.770497086759389,1.0,1.0,1.0,1.0,0.0,0.0,0.0373511398903948,0.0291882990161521,0.0633362012706166,0.0701203037022624,0.0428515677629378,0.6111149766961897,0.0004494764342078,0.0002245398734622,0.000757481636239,0.0008047836910319,0.0005977395646335,0.7427331981182095,1.059766904213514,0.6719891407527305,1.954870950582624,2.1418976808497967,1.5142354047657145,0.7069597293578199,0.0373867893028703,0.0333376581397749,0.0422500642174749,0.0333048879292135,0.0093092397715718,0.2184543078515325,1.0,1.0,1.0,1.0,0.0,0.0,True,extrapolative,False,False,False,False,-0.0,21.84543078515325,77.0497086759389
screen_0066,600.0,300.0,1200.0,5,1.4,0.05,True,False,False,8,0.0029999953568726,0.0014335190301502,0.0070318422336796,0.0073354199449397,0.006163847305475,0.840285539443055,0.075713176527269,0.0565514921713962,0.109903076949007,0.1124667804253651,0.0610390147551532,0.5427292799197694,0.0435541165646567,0.0349255741175525,0.0739657835092372,0.0818364715721202,0.0490658235683769,0.5995593728052728,0.0004132035191109,0.0002142901151083,0.0006599912964559,0.0006897332815661,0.0004939512748896,0.7161482388788608,0.7546725819156467,0.4758959544109803,1.4748185297177123,1.622270070063487,1.1751860578566622,0.7244083950896485,0.0428473795565772,0.038034908117453,0.0488618378171254,0.0373587757900865,0.0118249177846427,0.2404235413242408,1.1505583160102195,1.1286033397274458,1.1806178388361477,1.1217205074969523,0.0611593352529058,0.0517037597924805,True,extrapolative,True,False,False,False,0.9489757371830645,24.04235413242408,84.0285539443055
screen_0067,600.0,300.0,1200.0,5,1.4,0.1,True,False,False,8,0.0008550067856702,0.000556687177907,0.0025873943109046,0.0027629095026536,0.0023124856300282,0.8369748005887285,0.0262543730222437,0.0171982019368641,0.0395040115319389,0.0396020396517925,0.0235078362414299,0.5936016540593989,0.0517629958539476,0.0419958837298723,0.0866649409268596,0.0957442751191905,0.0560858277045038,0.5857877939405093,0.0003499953019388,0.0001965481688458,0.0005490629424797,0.0005663667257328,0.0003880896365293,0.6852267601476162,0.5066938798797183,0.3136567204966052,1.0644504913923938,1.1761954632246618,0.8719873077889111,0.7413625839010358,0.0498100258522145,0.0440992298746723,0.0578310670296827,0.0425553722074328,0.0153276209292511,0.2648035303401937,1.3453273315524763,1.2939070627074565,1.4147528038537998,1.277751550999972,0.1408725969511013,0.099302269141946,True,extrapolative,True,False,False,False,1.4022824457233043,26.480353034019373,83.69748005887286
screen_0068,600.0,300.0,1200.0,5,1.4,0.2,True,False,False,8,0.0002651528368576,0.0001842171235735,0.0008376691998182,0.0009266209099234,0.0007602774612386,0.8204838171647227,0.0081419666571243,0.0045906468466317,0.0127256374605076,0.0132816793245389,0.0089576531140086,0.6744367858256167,0.0725805248665896,0.0600198397011456,0.1172159629075974,0.1276332790530194,0.0693715127604486,0.5435221383886208,0.00021014115332,0.0001293121140554,0.0003008823455648,0.0003105863182345,0.0001889468049312,0.6083552102528248,0.1832731710138857,0.0933202996730694,0.4532514068623539,0.5052846636937882,0.4233599575507497,0.8378642534999116,0.069342581734218,0.0597578252985692,0.0833584918220504,0.0569815619975586,0.0281192885108712,0.3304231196618394,1.8649466914891464,1.7324127241569838,2.083525311932842,1.7109068830577572,0.3747855630352137,0.1796935898853552,True,extrapolative,True,False,False,False,1.8767470096614327,33.04231196618394,82.04838171647228
screen_0069,600.0,300.0,1200.0,5,1.4,0.3,True,False,False,8,0.0001271835579295,9.535216292203244e-05,0.0003904133023356,0.0004299705123532,0.0003383212840702,0.786847642687406,0.004142099945874,0.0021282135664461,0.0060092885441195,0.0061629630876288,0.0041297592956968,0.6700931413960063,0.0964119593934599,0.0778221720060543,0.1430117794022776,0.1470492198348421,0.0692323354442693,0.4708106273669963,7.723728895235612e-05,3.3920507139502695e-05,0.0001190781906665,0.0001264671431989,0.0001000191517756,0.7908706502392868,0.0509091612579224,0.0118586726156668,0.1172932976443184,0.1298814529644655,0.120175480889795,0.9252705305250484,0.1006615880076349,0.0853372921109232,0.1242953830774406,0.0801892676738489,0.0476049098947747,0.3725123538528315,2.6846891271002087,2.424941638812592,3.146527860463905,2.4077326981037697,0.7465957929325988,0.2366892969626322,True,extrapolative,True,False,False,False,2.2102104334192734,37.25123538528315,78.68476426874061
screen_0070,600.0,300.0,1200.0,5,1.4,0.4,True,False,False,8,7.32719217390391e-05,5.891503124835376e-05,0.0002035853146488,0.000219770474351,0.0001609736028527,0.7324623716089743,0.0024989092529057,0.0012197416472874,0.0035031077898494,0.0036932049243936,0.0025238109803037,0.6833660822972302,0.1169202473726863,0.0880760702353148,0.1677047131520132,0.1685150327110302,0.0824469947363747,0.489256023097684,1.633158933189057e-05,8.696878697193698e-06,2.599643328149297e-05,2.6516955010032377e-05,1.875118353676171e-05,0.7071393955176007,0.0074373342775291,0.0023928538537106,0.0133483380887744,0.0139975011336144,0.0123702251595711,0.8837452514909632,0.1401721987099567,0.1160720143766245,0.1732230306357679,0.109489932039999,0.0695631478360197,0.3885057318432456,3.7327038608295777,3.285456694108209,4.378723891213875,3.28435462597173,1.1039641031119594,0.251568806020267,True,extrapolative,True,False,False,False,2.432596594037566,38.85057318432456,73.24623716089744
screen_0071,600.0,300.0,1200.0,5,1.4,0.5,True,False,False,8,4.724098176609248e-05,3.919299150981697e-05,0.0001081338417705,0.0001133796594841,7.54079545200028e-05,0.6650924412996474,0.0015717921778822,0.0007889703610673,0.0023076489086256,0.0026008190202381,0.0018456107804066,0.709626762202628,0.1417456523598286,0.1065249551598464,0.2082651707164683,0.213036535269425,0.1218181669242463,0.5718181943307713,9.327247136172011e-06,5.592783298964408e-06,1.8618123327935016e-05,2.0413026094120228e-05,1.5031213324726816e-05,0.7363539955037048,0.0023850344886099,0.0016690764244674,0.0034470374568439,0.0034784796209781,0.0020115958953595,0.5782974501928712,0.2160463374680468,0.1752168632105221,0.2613890288797302,0.165076144020986,0.1049570038165173,0.3886819253748687,5.721623380953471,5.022282989476193,6.571960684140377,4.956514021960989,1.661587833361807,0.2510671291686797,True,extrapolative,True,False,False,False,2.5848898674298604,38.86819253748687,66.50924412996474
screen_0072,600.0,300.0,1200.0,5,1.4,0.7,False,False,False,8,2.5291305042973342e-05,2.1201873923304307e-05,3.625318097498586e-05,3.644512763508058e-05,1.575147306750396e-05,0.4321969516809221,0.0006764677657225,0.0004267373934283,0.0012959914079818,0.001536312912461,0.0011247428116072,0.7321052908457074,0.2411257692162647,0.1505673208795592,0.2972057745200992,0.3198193666973262,0.2015521031137684,0.630206060361927,1.561620721170159e-05,8.99275192527295e-06,1.970829762384554e-05,2.055499765480669e-05,1.2512776541436935e-05,0.6087461916353409,0.0019117711921465,0.0014524852052533,0.0027436126414524,0.0029009926538779,0.001647833652543,0.568024069395784,0.5010773705143188,0.3821941959680066,0.5544659343117734,0.3638742707150564,0.2087273456286327,0.3645245484311549,12.31665651740867,11.18092769307858,14.45384667632205,10.925551573343766,3.7545844947527303,0.2557595159429315,True,extrapolative,True,False,False,False,2.8135203192558786,36.45245484311549,43.21969516809221
