design_id,design_role,pressure_bar,equivalence_ratio,cracking_ratio,flame_temperature_K,temperature_K,ignition_temperature_K,residence_time_ms,psr_fraction,heat_loss_W_per_K,inside_lbv_convex_hull,inside_all_idt_convex_hull,inside_exact_criterion_convex_hull,surrogate_m_per_s,surrogate_90_low_m_per_s,surrogate_90_high_m_per_s,surrogate_log_standard_deviation,mechanism_id,prediction_basis
screen_0001,surrogate_screening,5,0.6,0.0,300.0,600.0,1200.0,10.0,0.5,0.0,False,False,False,0.0051539618515267,0.004686096312280007,0.005668539653652192,0.05785156073556187,C3_v3_5_C0,GPR trained on direct Cantera cases
screen_0002,surrogate_screening,5,0.6,0.05,300.0,600.0,1200.0,10.0,0.5,0.0,False,False,False,0.0063088074292531994,0.005834503303491983,0.006821669148011145,0.04751217220585535,C3_v3_5_C0,GPR trained on direct Cantera cases
screen_0003,surrogate_screening,5,0.6,0.1,300.0,600.0,1200.0,10.0,0.5,0.0,False,False,False,0.0077623891629950755,0.007315425110154135,0.008236662204927395,0.03605168449933943,C3_v3_5_C0,GPR trained on direct Cantera cases
screen_0004,surrogate_screening,5,0.6,0.2,300.0,600.0,1200.0,10.0,0.5,0.0,False,False,False,0.012298076296901286,0.012294413684364368,0.012301740000562267,0.00018107253057004672,C3_v3_5_C0,GPR trained on direct Cantera cases
screen_0005,surrogate_screening,5,0.6,0.3,300.0,600.0,1200.0,10.0,0.5,0.0,False,False,False,0.02132539627642826,0.020106670691769347,0.022617992472163038,0.03577327702279396,C3_v3_5_C0,GPR trained on direct Cantera cases
screen_0006,surrogate_screening,5,0.6,0.4,300.0,600.0,1200.0,10.0,0.5,0.0,False,False,False,0.0364424637738676,0.03338738922656686,0.03977708939436631,0.05322578801443435,C3_v3_5_C0,GPR trained on direct Cantera cases
screen_0007,surrogate_screening,5,0.6,0.5,300.0,600.0,1200.0,10.0,0.5,0.0,False,False,False,0.05695496618769318,0.051485917306712196,0.06300496025188566,0.061369342713937805,C3_v3_5_C0,GPR trained on direct Cantera cases
screen_0008,surrogate_screening,5,0.6,0.7,300.0,600.0,1200.0,10.0,0.5,0.0,False,False,False,0.10510073749639941,0.0902877753460522,0.12234397159471097,0.09235089478397773,C3_v3_5_C0,GPR trained on direct Cantera cases
screen_0009,surrogate_screening,5,0.7,0.0,300.0,600.0,1200.0,10.0,0.5,0.0,True,False,False,0.01280205892487389,0.012798246209515007,0.012805872776075776,0.00018107285062092778,C3_v3_5_C0,GPR trained on direct Cantera cases
screen_0010,surrogate_screening,5,0.7,0.05,300.0,600.0,1200.0,10.0,0.5,0.0,True,False,False,0.01574716165503009,0.015237004547848484,0.016274399565278375,0.020020156651194932,C3_v3_5_C0,GPR trained on direct Cantera cases
screen_0011,surrogate_screening,5,0.7,0.1,300.0,600.0,1200.0,10.0,0.5,0.0,True,False,False,0.019406216868757778,0.018453854190226274,0.020407728882821587,0.030589801833997458,C3_v3_5_C0,GPR trained on direct Cantera cases
screen_0012,surrogate_screening,5,0.7,0.2,300.0,600.0,1200.0,10.0,0.5,0.0,True,False,False,0.030253291784110625,0.028870889250544568,0.031701886832504536,0.028432342113136454,C3_v3_5_C0,GPR trained on direct Cantera cases
screen_0013,surrogate_screening,5,0.7,0.3,300.0,600.0,1200.0,10.0,0.5,0.0,True,False,False,0.04833444668739036,0.04832005171444725,0.048348845948723886,0.00018107265859046702,C3_v3_5_C0,GPR trained on direct Cantera cases
screen_0014,surrogate_screening,5,0.7,0.4,300.0,600.0,1200.0,10.0,0.5,0.0,False,False,False,0.0736059646325508,0.06967049503188417,0.07776373667230131,0.03340373814994879,C3_v3_5_C0,GPR trained on direct Cantera cases
screen_0015,surrogate_screening,5,0.7,0.5,300.0,600.0,1200.0,10.0,0.5,0.0,False,False,False,0.10516985688236341,0.09598994594415265,0.1152276802311355,0.055521745577053444,C3_v3_5_C0,GPR trained on direct Cantera cases
screen_0016,surrogate_screening,5,0.7,0.7,300.0,600.0,1200.0,10.0,0.5,0.0,False,False,False,0.18103670723281287,0.1564991346025827,0.2094215373709698,0.08854062785803671,C3_v3_5_C0,GPR trained on direct Cantera cases
screen_0017,surrogate_screening,5,0.8,0.0,300.0,600.0,1200.0,10.0,0.5,0.0,True,False,False,0.024005805620619488,0.02327447169186952,0.02476011963340409,0.018807645940187957,C3_v3_5_C0,GPR trained on direct Cantera cases
screen_0018,surrogate_screening,5,0.8,0.05,300.0,600.0,1200.0,10.0,0.5,0.0,True,False,False,0.029231554544631624,0.02922284880127744,0.029240262881503224,0.0001810725945802682,C3_v3_5_C0,GPR trained on direct Cantera cases
screen_0019,surrogate_screening,5,0.8,0.1,300.0,600.0,1200.0,10.0,0.5,0.0,True,False,False,0.03554146912122001,0.03478994640308248,0.036309226023490314,0.012991921223582578,C3_v3_5_C0,GPR trained on direct Cantera cases
screen_0020,surrogate_screening,5,0.8,0.2,300.0,600.0,1200.0,10.0,0.5,0.0,True,False,False,0.052598761218987926,0.05258309626379299,0.05261443084090731,0.0001810724665598026,C3_v3_5_C0,GPR trained on direct Cantera cases
screen_0021,surrogate_screening,5,0.8,0.3,300.0,600.0,1200.0,10.0,0.5,0.0,True,False,False,0.0774589092576596,0.07497024293846004,0.08003018782147202,0.019851865434389035,C3_v3_5_C0,GPR trained on direct Cantera cases
screen_0022,surrogate_screening,5,0.8,0.4,300.0,600.0,1200.0,10.0,0.5,0.0,True,False,False,0.11091712393736596,0.11088409059276198,0.11095016712289348,0.0001810725945802682,C3_v3_5_C0,GPR trained on direct Cantera cases
screen_0023,surrogate_screening,5,0.8,0.5,300.0,600.0,1200.0,10.0,0.5,0.0,False,False,False,0.15419201588502518,0.14561610041658826,0.16327300136914974,0.03478721744477008,C3_v3_5_C0,GPR trained on direct Cantera cases
screen_0024,surrogate_screening,5,0.8,0.7,300.0,600.0,1200.0,10.0,0.5,0.0,False,False,False,0.2728846735233542,0.24547280774426603,0.30335761312318743,0.06435445974325298,C3_v3_5_C0,GPR trained on direct Cantera cases
screen_0025,surrogate_screening,5,0.9,0.0,300.0,600.0,1200.0,10.0,0.5,0.0,True,False,False,0.03406118443746458,0.03405104034419807,0.034071331552742376,0.0001810724025495359,C3_v3_5_C0,GPR trained on direct Cantera cases
screen_0026,surrogate_screening,5,0.9,0.05,300.0,600.0,1200.0,10.0,0.5,0.0,True,False,False,0.0407424862382756,0.039462482907829416,0.04206400769949375,0.019404872422560348,C3_v3_5_C0,GPR trained on direct Cantera cases
screen_0027,surrogate_screening,5,0.9,0.1,300.0,600.0,1200.0,10.0,0.5,0.0,True,False,False,0.04866608233860617,0.04636804324816911,0.051078014172649254,0.029405366184484333,C3_v3_5_C0,GPR trained on direct Cantera cases
screen_0028,surrogate_screening,5,0.9,0.2,300.0,600.0,1200.0,10.0,0.5,0.0,True,False,False,0.06967354064407501,0.0666501318410043,0.072834098475032,0.02696875576231452,C3_v3_5_C0,GPR trained on direct Cantera cases
screen_0029,surrogate_screening,5,0.9,0.3,300.0,600.0,1200.0,10.0,0.5,0.0,True,False,False,0.09973506165429277,0.09970535856265737,0.09976477359473696,0.00018107253057004672,C3_v3_5_C0,GPR trained on direct Cantera cases
screen_0030,surrogate_screening,5,0.9,0.4,300.0,600.0,1200.0,10.0,0.5,0.0,True,True,False,0.1408090174741351,0.13615062306354375,0.14562679887831004,0.020451483782555457,C3_v3_5_C0,GPR trained on direct Cantera cases
screen_0031,surrogate_screening,5,0.9,0.5,300.0,600.0,1200.0,10.0,0.5,0.0,True,False,False,0.19665179856836593,0.19659323163494102,0.19671038294941942,0.00018107285062092778,C3_v3_5_C0,GPR trained on direct Cantera cases
screen_0032,surrogate_screening,5,0.9,0.7,300.0,600.0,1200.0,10.0,0.5,0.0,False,False,False,0.3702745589829364,0.3701642838691909,0.3703848669485837,0.0001810724665598026,C3_v3_5_C0,GPR trained on direct Cantera cases
screen_0033,surrogate_screening,5,1.0,0.0,300.0,600.0,1200.0,10.0,0.5,0.0,True,False,False,0.04234861104082799,0.04098933390886006,0.04375296415099061,0.019832060254039417,C3_v3_5_C0,GPR trained on direct Cantera cases
screen_0034,surrogate_screening,5,1.0,0.05,300.0,600.0,1200.0,10.0,0.5,0.0,True,False,False,0.0503001366343448,0.05028515629224381,0.0503151214392071,0.00018107201848746032,C3_v3_5_C0,GPR trained on direct Cantera cases
screen_0035,surrogate_screening,5,1.0,0.1,300.0,600.0,1200.0,10.0,0.5,0.0,True,False,False,0.05985451052465074,0.05856613004704674,0.061171233736421006,0.013228114920981313,C3_v3_5_C0,GPR trained on direct Cantera cases
screen_0036,surrogate_screening,5,1.0,0.2,300.0,600.0,1200.0,10.0,0.5,0.0,True,False,False,0.08486821172172893,0.08484293628361433,0.08489349468961324,0.0001810724665598026,C3_v3_5_C0,GPR trained on direct Cantera cases
screen_0037,surrogate_screening,5,1.0,0.3,300.0,600.0,1200.0,10.0,0.5,0.0,True,True,False,0.1205340767768684,0.11536828490907534,0.12593117489700273,0.026627975049391368,C3_v3_5_C0,GPR trained on direct Cantera cases
screen_0038,surrogate_screening,5,1.0,0.4,300.0,600.0,1200.0,10.0,0.5,0.0,True,True,False,0.1705542008469555,0.16068164573451268,0.18103334262959747,0.03624807780373698,C3_v3_5_C0,GPR trained on direct Cantera cases
screen_0039,surrogate_screening,5,1.0,0.5,300.0,600.0,1200.0,10.0,0.5,0.0,True,True,False,0.2393021182275511,0.22241450946545213,0.25747197845061437,0.044488781757053585,C3_v3_5_C0,GPR trained on direct Cantera cases
screen_0040,surrogate_screening,5,1.0,0.7,300.0,600.0,1200.0,10.0,0.5,0.0,False,False,False,0.4498492623636504,0.40504868336277505,0.4996050281389907,0.06377221179751161,C3_v3_5_C0,GPR trained on direct Cantera cases
screen_0041,surrogate_screening,5,1.1,0.0,300.0,600.0,1200.0,10.0,0.5,0.0,True,False,False,0.049831372485776966,0.04743792733437534,0.0523455771225665,0.029922608994178052,C3_v3_5_C0,GPR trained on direct Cantera cases
screen_0042,surrogate_screening,5,1.1,0.05,300.0,600.0,1200.0,10.0,0.5,0.0,True,False,False,0.05977638168970503,0.058150708177599354,0.06144750287477611,0.016761441073891697,C3_v3_5_C0,GPR trained on direct Cantera cases
screen_0043,surrogate_screening,5,1.1,0.1,300.0,600.0,1200.0,10.0,0.5,0.0,True,False,False,0.07117305354623168,0.07115185676061513,0.07119425664656356,0.00018107278661079685,C3_v3_5_C0,GPR trained on direct Cantera cases
screen_0044,surrogate_screening,5,1.1,0.2,300.0,600.0,1200.0,10.0,0.5,0.0,True,False,False,0.0987693044133631,0.09460234783815859,0.10311980323140225,0.026203390924748472,C3_v3_5_C0,GPR trained on direct Cantera cases
screen_0045,surrogate_screening,5,1.1,0.3,300.0,600.0,1200.0,10.0,0.5,0.0,True,True,False,0.137133366340733,0.13121802957777298,0.14331536774674417,0.026804645358934343,C3_v3_5_C0,GPR trained on direct Cantera cases
screen_0046,surrogate_screening,5,1.1,0.4,300.0,600.0,1200.0,10.0,0.5,0.0,True,True,False,0.19201051152410478,0.19195332678017615,0.1920677133039191,0.00018107310666122536,C3_v3_5_C0,GPR trained on direct Cantera cases
screen_0047,surrogate_screening,5,1.1,0.5,300.0,600.0,1200.0,10.0,0.5,0.0,True,True,False,0.26719494915672176,0.25228171148305867,0.2829897594842397,0.03491317495028419,C3_v3_5_C0,GPR trained on direct Cantera cases
screen_0048,surrogate_screening,5,1.1,0.7,300.0,600.0,1200.0,10.0,0.5,0.0,False,False,False,0.4992896683016557,0.4353942613267011,0.5725619169006934,0.0832428306659834,C3_v3_5_C0,GPR trained on direct Cantera cases
screen_0049,surrogate_screening,5,1.2,0.0,300.0,600.0,1200.0,10.0,0.5,0.0,True,False,False,0.04651108400518992,0.046497232056631733,0.046524940080369635,0.00018107278661079685,C3_v3_5_C0,GPR trained on direct Cantera cases
screen_0050,surrogate_screening,5,1.2,0.05,300.0,600.0,1200.0,10.0,0.5,0.0,True,False,False,0.05584669848856254,0.0541693949737497,0.057575938102757074,0.018537586192312022,C3_v3_5_C0,GPR trained on direct Cantera cases
screen_0051,surrogate_screening,5,1.2,0.1,300.0,600.0,1200.0,10.0,0.5,0.0,True,False,False,0.06676563740856242,0.06378384347225273,0.06988682550167737,0.027774235238973276,C3_v3_5_C0,GPR trained on direct Cantera cases
screen_0052,surrogate_screening,5,1.2,0.2,300.0,600.0,1200.0,10.0,0.5,0.0,True,False,False,0.09413521308371346,0.09021821586394883,0.09822227426531459,0.025836370444105628,C3_v3_5_C0,GPR trained on direct Cantera cases
screen_0053,surrogate_screening,5,1.2,0.3,300.0,600.0,1200.0,10.0,0.5,0.0,True,False,False,0.1323348392150562,0.1322954273148357,0.13237426285640724,0.00018107227452893453,C3_v3_5_C0,GPR trained on direct Cantera cases
screen_0054,surrogate_screening,5,1.2,0.4,300.0,600.0,1200.0,10.0,0.5,0.0,True,True,False,0.18684687769274994,0.18054381509180312,0.1933699899150657,0.020860762523530075,C3_v3_5_C0,GPR trained on direct Cantera cases
screen_0055,surrogate_screening,5,1.2,0.5,300.0,600.0,1200.0,10.0,0.5,0.0,True,False,False,0.26341100957367347,0.2633325605462212,0.26348948197176364,0.0001810724665598026,C3_v3_5_C0,GPR trained on direct Cantera cases
screen_0056,surrogate_screening,5,1.2,0.7,300.0,600.0,1200.0,10.0,0.5,0.0,False,False,False,0.5114451583774685,0.4488315188423469,0.5827936297843492,0.07938770912036515,C3_v3_5_C0,GPR trained on direct Cantera cases
screen_0057,surrogate_screening,5,1.3,0.0,300.0,600.0,1200.0,10.0,0.5,0.0,True,False,False,0.03973878044367469,0.0385078796082167,0.04100902691130319,0.019127454570810377,C3_v3_5_C0,GPR trained on direct Cantera cases
screen_0058,surrogate_screening,5,1.3,0.05,300.0,600.0,1200.0,10.0,0.5,0.0,True,False,False,0.047876736269857556,0.047862477637505875,0.047890999149975064,0.00018107233853924653,C3_v3_5_C0,GPR trained on direct Cantera cases
screen_0059,surrogate_screening,5,1.3,0.1,300.0,600.0,1200.0,10.0,0.5,0.0,True,False,False,0.057550050201877215,0.056335523838533304,0.05879076029773571,0.012966381324276384,C3_v3_5_C0,GPR trained on direct Cantera cases
screen_0060,surrogate_screening,5,1.3,0.2,300.0,600.0,1200.0,10.0,0.5,0.0,True,False,False,0.08264356421770483,0.08261895133247647,0.08266818443532013,0.0001810724025495359,C3_v3_5_C0,GPR trained on direct Cantera cases
screen_0061,surrogate_screening,5,1.3,0.3,300.0,600.0,1200.0,10.0,0.5,0.0,True,False,False,0.11836936740937205,0.11465558983595903,0.12220343692742135,0.01937823951354986,C3_v3_5_C0,GPR trained on direct Cantera cases
screen_0062,surrogate_screening,5,1.3,0.4,300.0,600.0,1200.0,10.0,0.5,0.0,True,False,False,0.169398744624671,0.1693482942267379,0.16944921005223676,0.00018107278661079685,C3_v3_5_C0,GPR trained on direct Cantera cases
screen_0063,surrogate_screening,5,1.3,0.5,300.0,600.0,1200.0,10.0,0.5,0.0,True,False,False,0.2423593081047468,0.23051664367144456,0.2548103828404292,0.03045489519805585,C3_v3_5_C0,GPR trained on direct Cantera cases
screen_0064,surrogate_screening,5,1.3,0.7,300.0,600.0,1200.0,10.0,0.5,0.0,False,False,False,0.49525923124326116,0.4382000608770166,0.559748224682483,0.07441079567219934,C3_v3_5_C0,GPR trained on direct Cantera cases
screen_0065,surrogate_screening,5,1.4,0.0,300.0,600.0,1200.0,10.0,0.5,0.0,True,False,False,0.033408466827938084,0.03339851710224636,0.033418419517744685,0.00018107285062092778,C3_v3_5_C0,GPR trained on direct Cantera cases
screen_0066,surrogate_screening,5,1.4,0.05,300.0,600.0,1200.0,10.0,0.5,0.0,True,False,False,0.0405446238934024,0.03929058243970524,0.04183869071373811,0.019099291487261475,C3_v3_5_C0,GPR trained on direct Cantera cases
screen_0067,surrogate_screening,5,1.4,0.1,300.0,600.0,1200.0,10.0,0.5,0.0,True,False,False,0.049297818080491815,0.04701052243259931,0.05169640203385611,0.028880464358689347,C3_v3_5_C0,GPR trained on direct Cantera cases
screen_0068,surrogate_screening,5,1.4,0.2,300.0,600.0,1200.0,10.0,0.5,0.0,True,False,False,0.07260239333941614,0.06945223749569081,0.07589543128741309,0.026965715108265648,C3_v3_5_C0,GPR trained on direct Cantera cases
screen_0069,surrogate_screening,5,1.4,0.3,300.0,600.0,1200.0,10.0,0.5,0.0,True,False,False,0.10538127872391945,0.10534989405398099,0.10541267274363009,0.00018107265859046702,C3_v3_5_C0,GPR trained on direct Cantera cases
screen_0070,surrogate_screening,5,1.4,0.4,300.0,600.0,1200.0,10.0,0.5,0.0,True,False,False,0.1507265152978969,0.14564775710430003,0.15598237051860803,0.020836445986549504,C3_v3_5_C0,GPR trained on direct Cantera cases
screen_0071,surrogate_screening,5,1.4,0.5,300.0,600.0,1200.0,10.0,0.5,0.0,True,False,False,0.21669633402650634,0.21663179744268155,0.21676088983636674,0.00018107278661079685,C3_v3_5_C0,GPR trained on direct Cantera cases
screen_0072,surrogate_screening,5,1.4,0.7,300.0,600.0,1200.0,10.0,0.5,0.0,False,False,False,0.46116031433723437,0.4211545328193979,0.5049662747208631,0.05516468591299118,C3_v3_5_C0,GPR trained on direct Cantera cases
screen_0073,surrogate_screening,10,0.6,0.0,300.0,600.0,1200.0,10.0,0.5,0.0,False,False,False,0.004521396462132263,0.004147231579026577,0.004929318649859541,0.05251056272294471,C3_v3_5_C0,GPR trained on direct Cantera cases
screen_0074,surrogate_screening,10,0.6,0.05,300.0,600.0,1200.0,10.0,0.5,0.0,False,False,False,0.0053090243154109715,0.004895496844227781,0.005757482862001717,0.04929623248777351,C3_v3_5_C0,GPR trained on direct Cantera cases
screen_0075,surrogate_screening,10,0.6,0.1,300.0,600.0,1200.0,10.0,0.5,0.0,False,False,False,0.006248982266362515,0.005756889434777128,0.0067831386737106855,0.04986098051769042,C3_v3_5_C0,GPR trained on direct Cantera cases
screen_0076,surrogate_screening,10,0.6,0.2,300.0,600.0,1200.0,10.0,0.5,0.0,False,False,False,0.008962881863151712,0.00818764581890257,0.009811520071783148,0.05499416476613912,C3_v3_5_C0,GPR trained on direct Cantera cases
screen_0077,surrogate_screening,10,0.6,0.3,300.0,600.0,1200.0,10.0,0.5,0.0,False,False,False,0.013652583888826404,0.012263285658780038,0.015199274650182523,0.06523945697833847,C3_v3_5_C0,GPR trained on direct Cantera cases
screen_0078,surrogate_screening,10,0.6,0.4,300.0,600.0,1200.0,10.0,0.5,0.0,False,False,False,0.02104785229287025,0.01866458586341159,0.023735436156176674,0.07305203758672182,C3_v3_5_C0,GPR trained on direct Cantera cases
screen_0079,surrogate_screening,10,0.6,0.5,300.0,600.0,1200.0,10.0,0.5,0.0,False,False,False,0.031027293761362183,0.027535819388466883,0.034961478522664895,0.07257117367455193,C3_v3_5_C0,GPR trained on direct Cantera cases
screen_0080,surrogate_screening,10,0.6,0.7,300.0,600.0,1200.0,10.0,0.5,0.0,False,False,False,0.0566651158486286,0.05050485689625691,0.06357676373054874,0.0699630837752765,C3_v3_5_C0,GPR trained on direct Cantera cases
screen_0081,surrogate_screening,10,0.7,0.0,300.0,600.0,1200.0,10.0,0.5,0.0,False,False,False,0.010356166021434274,0.00945482016470886,0.011343438880395917,0.05535404947230443,C3_v3_5_C0,GPR trained on direct Cantera cases
screen_0082,surrogate_screening,10,0.7,0.05,300.0,600.0,1200.0,10.0,0.5,0.0,False,False,False,0.012257403129867912,0.011186833839806905,0.013430424876203313,0.055557784074018825,C3_v3_5_C0,GPR trained on direct Cantera cases
screen_0083,surrogate_screening,10,0.7,0.1,300.0,600.0,1200.0,10.0,0.5,0.0,False,False,False,0.014506389637668081,0.013210306673335982,0.015929633241943724,0.05689476202017553,C3_v3_5_C0,GPR trained on direct Cantera cases
screen_0084,surrogate_screening,10,0.7,0.2,300.0,600.0,1200.0,10.0,0.5,0.0,False,False,False,0.020659883085995197,0.018877337919998308,0.022610750039856718,0.05485206926742635,C3_v3_5_C0,GPR trained on direct Cantera cases
screen_0085,surrogate_screening,10,0.7,0.3,300.0,600.0,1200.0,10.0,0.5,0.0,False,False,False,0.03010290904929133,0.027610402173594426,0.03282042498086275,0.05254055998501392,C3_v3_5_C0,GPR trained on direct Cantera cases
screen_0086,surrogate_screening,10,0.7,0.4,300.0,600.0,1200.0,10.0,0.5,0.0,False,False,False,0.04335798355938079,0.03928207161350872,0.047856812564056585,0.06001375664204713,C3_v3_5_C0,GPR trained on direct Cantera cases
screen_0087,surrogate_screening,10,0.7,0.5,300.0,600.0,1200.0,10.0,0.5,0.0,False,False,False,0.06020437612296357,0.053620619043385775,0.06759651359904179,0.07040204558967596,C3_v3_5_C0,GPR trained on direct Cantera cases
screen_0088,surrogate_screening,10,0.7,0.7,300.0,600.0,1200.0,10.0,0.5,0.0,False,False,False,0.10391711453875446,0.09057666640119531,0.11922239052416823,0.08352399462662409,C3_v3_5_C0,GPR trained on direct Cantera cases
screen_0089,surrogate_screening,10,0.8,0.0,300.0,600.0,1200.0,10.0,0.5,0.0,False,False,False,0.01866165353323576,0.016811695743120997,0.020715180545486052,0.06346260541105522,C3_v3_5_C0,GPR trained on direct Cantera cases
screen_0090,surrogate_screening,10,0.8,0.05,300.0,600.0,1200.0,10.0,0.5,0.0,False,False,False,0.022075579787120075,0.01998011681007056,0.024390809501768043,0.06062880912712761,C3_v3_5_C0,GPR trained on direct Cantera cases
screen_0091,surrogate_screening,10,0.8,0.1,300.0,600.0,1200.0,10.0,0.5,0.0,False,False,False,0.026054821107224953,0.02362684788699108,0.028732300905160994,0.05946451952015959,C3_v3_5_C0,GPR trained on direct Cantera cases
screen_0092,surrogate_screening,10,0.8,0.2,300.0,600.0,1200.0,10.0,0.5,0.0,False,False,False,0.036330760959430136,0.033094265062246886,0.03988377410432327,0.05672023426177035,C3_v3_5_C0,GPR trained on direct Cantera cases
screen_0093,surrogate_screening,10,0.8,0.3,300.0,600.0,1200.0,10.0,0.5,0.0,False,False,False,0.050739418242219676,0.046282804850087615,0.05562516299299051,0.05588606811821831,C3_v3_5_C0,GPR trained on direct Cantera cases
screen_0094,surrogate_screening,10,0.8,0.4,300.0,600.0,1200.0,10.0,0.5,0.0,False,False,False,0.07022338063541181,0.06380083015630077,0.07729246117621132,0.058307058324983174,C3_v3_5_C0,GPR trained on direct Cantera cases
screen_0095,surrogate_screening,10,0.8,0.5,300.0,600.0,1200.0,10.0,0.5,0.0,False,False,False,0.09586914627405949,0.08590918825100666,0.10698382087447227,0.06668292658758194,C3_v3_5_C0,GPR trained on direct Cantera cases
screen_0096,surrogate_screening,10,0.8,0.7,300.0,600.0,1200.0,10.0,0.5,0.0,False,False,False,0.16964082099335082,0.14843147575624407,0.19388076552279032,0.08119147427935305,C3_v3_5_C0,GPR trained on direct Cantera cases
screen_0097,surrogate_screening,10,0.9,0.0,300.0,600.0,1200.0,10.0,0.5,0.0,False,False,False,0.026356423152540297,0.024154135257497152,0.028759507802298478,0.05304341067006378,C3_v3_5_C0,GPR trained on direct Cantera cases
screen_0098,surrogate_screening,10,0.9,0.05,300.0,600.0,1200.0,10.0,0.5,0.0,False,False,False,0.030906982682835187,0.028312870224752033,0.03373877572193196,0.05329219187652448,C3_v3_5_C0,GPR trained on direct Cantera cases
screen_0099,surrogate_screening,10,0.9,0.1,300.0,600.0,1200.0,10.0,0.5,0.0,False,False,False,0.03616009019378145,0.03304079944178147,0.03957386458297843,0.054840659743487806,C3_v3_5_C0,GPR trained on direct Cantera cases
screen_0100,surrogate_screening,10,0.9,0.2,300.0,600.0,1200.0,10.0,0.5,0.0,False,False,False,0.049496825999620755,0.0454122513823839,0.053948784952491925,0.052356609980717984,C3_v3_5_C0,GPR trained on direct Cantera cases
screen_0101,surrogate_screening,10,0.9,0.3,300.0,600.0,1200.0,10.0,0.5,0.0,False,False,False,0.06803924028023983,0.06294106370637526,0.07355036514013201,0.047346996879537195,C3_v3_5_C0,GPR trained on direct Cantera cases
screen_0102,surrogate_screening,10,0.9,0.4,300.0,600.0,1200.0,10.0,0.5,0.0,False,True,False,0.09389089349094729,0.08625332489415072,0.10220475432508493,0.0515773835369775,C3_v3_5_C0,GPR trained on direct Cantera cases
screen_0103,surrogate_screening,10,0.9,0.5,300.0,600.0,1200.0,10.0,0.5,0.0,False,False,False,0.13006409777502279,0.11829991684657673,0.14299815233150104,0.057631805877383466,C3_v3_5_C0,GPR trained on direct Cantera cases
screen_0104,surrogate_screening,10,0.9,0.7,300.0,600.0,1200.0,10.0,0.5,0.0,False,False,False,0.24403437172683515,0.22054878724843502,0.27002086625408883,0.06151377223683159,C3_v3_5_C0,GPR trained on direct Cantera cases
screen_0105,surrogate_screening,10,1.0,0.0,300.0,600.0,1200.0,10.0,0.5,0.0,False,False,False,0.03289318588852795,0.030813477788720654,0.03511326067495404,0.03970415541767499,C3_v3_5_C0,GPR trained on direct Cantera cases
screen_0106,surrogate_screening,10,1.0,0.05,300.0,600.0,1200.0,10.0,0.5,0.0,False,False,False,0.038507874778783445,0.03623820582152739,0.040919697495000476,0.036929354634528226,C3_v3_5_C0,GPR trained on direct Cantera cases
screen_0107,surrogate_screening,10,1.0,0.1,300.0,600.0,1200.0,10.0,0.5,0.0,False,False,False,0.04495356030534088,0.04227100483328375,0.047806353127776716,0.03740339064102704,C3_v3_5_C0,GPR trained on direct Cantera cases
screen_0108,surrogate_screening,10,1.0,0.2,300.0,600.0,1200.0,10.0,0.5,0.0,False,False,False,0.061037630651842395,0.0580723162517337,0.06415436125263052,0.030274470565131287,C3_v3_5_C0,GPR trained on direct Cantera cases
screen_0109,surrogate_screening,10,1.0,0.3,300.0,600.0,1200.0,10.0,0.5,0.0,False,True,False,0.08330518626871955,0.08328037631307313,0.08333000361546967,0.0001810725945802682,C3_v3_5_C0,GPR trained on direct Cantera cases
screen_0110,surrogate_screening,10,1.0,0.4,300.0,600.0,1200.0,10.0,0.5,0.0,False,True,False,0.11546705635520436,0.1088600740309136,0.12247503248573757,0.03581880234238472,C3_v3_5_C0,GPR trained on direct Cantera cases
screen_0111,surrogate_screening,10,1.0,0.5,300.0,600.0,1200.0,10.0,0.5,0.0,False,True,False,0.1615235959646481,0.1473395027632312,0.17707316479326177,0.055873416743579304,C3_v3_5_C0,GPR trained on direct Cantera cases
screen_0112,surrogate_screening,10,1.0,0.7,300.0,600.0,1200.0,10.0,0.5,0.0,False,False,False,0.3093956785881209,0.27587531471554605,0.3469889505253711,0.06970940158263503,C3_v3_5_C0,GPR trained on direct Cantera cases
screen_0113,surrogate_screening,10,1.1,0.0,300.0,600.0,1200.0,10.0,0.5,0.0,False,False,False,0.03756209069067955,0.0353155862928287,0.03995150031931762,0.03748991547210535,C3_v3_5_C0,GPR trained on direct Cantera cases
screen_0114,surrogate_screening,10,1.1,0.05,300.0,600.0,1200.0,10.0,0.5,0.0,False,False,False,0.044333690934244156,0.04289452383507436,0.045821143962575826,0.020061238573289272,C3_v3_5_C0,GPR trained on direct Cantera cases
screen_0115,surrogate_screening,10,1.1,0.1,300.0,600.0,1200.0,10.0,0.5,0.0,True,False,False,0.05195559715670735,0.05194012374306805,0.05197107518001086,0.00018107253057004672,C3_v3_5_C0,GPR trained on direct Cantera cases
screen_0116,surrogate_screening,10,1.1,0.2,300.0,600.0,1200.0,10.0,0.5,0.0,True,False,False,0.07016139852875809,0.06692461380637231,0.0735547291726397,0.028712135221402698,C3_v3_5_C0,GPR trained on direct Cantera cases
screen_0117,surrogate_screening,10,1.1,0.3,300.0,600.0,1200.0,10.0,0.5,0.0,True,False,False,0.09492593106423072,0.08958679296493945,0.10058326780307436,0.035190884691667264,C3_v3_5_C0,GPR trained on direct Cantera cases
screen_0118,surrogate_screening,10,1.1,0.4,300.0,600.0,1200.0,10.0,0.5,0.0,False,True,False,0.13073362924271786,0.12186573361697298,0.14024682170864158,0.04270030029342107,C3_v3_5_C0,GPR trained on direct Cantera cases
screen_0119,surrogate_screening,10,1.1,0.5,300.0,600.0,1200.0,10.0,0.5,0.0,False,True,False,0.18218008298670554,0.16566922854911173,0.20033643500189321,0.05775225741571924,C3_v3_5_C0,GPR trained on direct Cantera cases
screen_0120,surrogate_screening,10,1.1,0.7,300.0,600.0,1200.0,10.0,0.5,0.0,False,False,False,0.3499462423221573,0.3019461094026539,0.40557691820460234,0.08968449456325753,C3_v3_5_C0,GPR trained on direct Cantera cases
screen_0121,surrogate_screening,10,1.2,0.0,300.0,600.0,1200.0,10.0,0.5,0.0,False,False,False,0.034978661212958354,0.03225384128754712,0.03793367522780303,0.04930155020625047,C3_v3_5_C0,GPR trained on direct Cantera cases
screen_0122,surrogate_screening,10,1.2,0.05,300.0,600.0,1200.0,10.0,0.5,0.0,False,False,False,0.04132929709652752,0.03852060317182847,0.04434278432437015,0.042783207176054,C3_v3_5_C0,GPR trained on direct Cantera cases
screen_0123,surrogate_screening,10,1.2,0.1,300.0,600.0,1200.0,10.0,0.5,0.0,True,False,False,0.04863777875479122,0.04562790695896787,0.051846198518976115,0.038833462325294554,C3_v3_5_C0,GPR trained on direct Cantera cases
screen_0124,surrogate_screening,10,1.2,0.2,300.0,600.0,1200.0,10.0,0.5,0.0,True,False,False,0.06681487514697333,0.06373646569063011,0.0700419687934143,0.028674090569354042,C3_v3_5_C0,GPR trained on direct Cantera cases
screen_0125,surrogate_screening,10,1.2,0.3,300.0,600.0,1200.0,10.0,0.5,0.0,True,False,False,0.09217248967896374,0.09214503889158356,0.09219994864416593,0.0001810724025495359,C3_v3_5_C0,GPR trained on direct Cantera cases
screen_0126,surrogate_screening,10,1.2,0.4,300.0,600.0,1200.0,10.0,0.5,0.0,False,True,False,0.12909778755955487,0.1222588776646162,0.13631925199322725,0.03308779066116921,C3_v3_5_C0,GPR trained on direct Cantera cases
screen_0127,surrogate_screening,10,1.2,0.5,300.0,600.0,1200.0,10.0,0.5,0.0,False,False,False,0.1823947298310326,0.16772617146654015,0.19834613274274854,0.05096684855929114,C3_v3_5_C0,GPR trained on direct Cantera cases
screen_0128,surrogate_screening,10,1.2,0.7,300.0,600.0,1200.0,10.0,0.5,0.0,False,False,False,0.36108186439127277,0.30964444459388213,0.42106394953501947,0.09342250303270036,C3_v3_5_C0,GPR trained on direct Cantera cases
screen_0129,surrogate_screening,10,1.3,0.0,300.0,600.0,1200.0,10.0,0.5,0.0,False,False,False,0.029527757746887644,0.027244044277726295,0.03200290194329579,0.04893363094520617,C3_v3_5_C0,GPR trained on direct Cantera cases
screen_0130,surrogate_screening,10,1.3,0.05,300.0,600.0,1200.0,10.0,0.5,0.0,False,False,False,0.03494905999802738,0.032756262048528696,0.03728865011936185,0.03939052966839459,C3_v3_5_C0,GPR trained on direct Cantera cases
screen_0131,surrogate_screening,10,1.3,0.1,300.0,600.0,1200.0,10.0,0.5,0.0,True,False,False,0.04134740361699772,0.039367332852313745,0.04342706660571843,0.02983177636786113,C3_v3_5_C0,GPR trained on direct Cantera cases
screen_0132,surrogate_screening,10,1.3,0.2,300.0,600.0,1200.0,10.0,0.5,0.0,True,False,False,0.05799627478573389,0.05797900233775122,0.05801355237932872,0.00018107253057004672,C3_v3_5_C0,GPR trained on direct Cantera cases
screen_0133,surrogate_screening,10,1.3,0.3,300.0,600.0,1200.0,10.0,0.5,0.0,True,False,False,0.08230598446503273,0.07875492447305875,0.08601716177222186,0.02681034136597327,C3_v3_5_C0,GPR trained on direct Cantera cases
screen_0134,surrogate_screening,10,1.3,0.4,300.0,600.0,1200.0,10.0,0.5,0.0,False,False,False,0.11793458992961882,0.1106478493790088,0.1257012005197271,0.038770527709975744,C3_v3_5_C0,GPR trained on direct Cantera cases
screen_0135,surrogate_screening,10,1.3,0.5,300.0,600.0,1200.0,10.0,0.5,0.0,False,False,False,0.1698361200550496,0.1561481199080247,0.18472401520007586,0.051081415845223806,C3_v3_5_C0,GPR trained on direct Cantera cases
screen_0136,surrogate_screening,10,1.3,0.7,300.0,600.0,1200.0,10.0,0.5,0.0,False,False,False,0.3508408415854992,0.3109282701224791,0.39587682418177905,0.07341667779277933,C3_v3_5_C0,GPR trained on direct Cantera cases
screen_0137,surrogate_screening,10,1.4,0.0,300.0,600.0,1200.0,10.0,0.5,0.0,False,False,False,0.024963508296206683,0.023681597562756767,0.026314810257346343,0.03204669785987291,C3_v3_5_C0,GPR trained on direct Cantera cases
screen_0138,surrogate_screening,10,1.4,0.05,300.0,600.0,1200.0,10.0,0.5,0.0,False,False,False,0.029710713364499475,0.028862897764855275,0.030583432606766676,0.017599236565734176,C3_v3_5_C0,GPR trained on direct Cantera cases
screen_0139,surrogate_screening,10,1.4,0.1,300.0,600.0,1200.0,10.0,0.5,0.0,True,False,False,0.035455429905883504,0.035444870567590304,0.03546599238989633,0.0001810725945802682,C3_v3_5_C0,GPR trained on direct Cantera cases
screen_0140,surrogate_screening,10,1.4,0.2,300.0,600.0,1200.0,10.0,0.5,0.0,True,False,False,0.05082856477820196,0.049111567468842175,0.0526055903031592,0.020889907773204187,C3_v3_5_C0,GPR trained on direct Cantera cases
screen_0141,surrogate_screening,10,1.4,0.3,300.0,600.0,1200.0,10.0,0.5,0.0,True,False,False,0.07309852134557748,0.07307675113180516,0.07312029804489002,0.00018107265859046702,C3_v3_5_C0,GPR trained on direct Cantera cases
screen_0142,surrogate_screening,10,1.4,0.4,300.0,600.0,1200.0,10.0,0.5,0.0,False,False,False,0.10574673905949324,0.1002287774929569,0.11156848463508737,0.032578500418838814,C3_v3_5_C0,GPR trained on direct Cantera cases
screen_0143,surrogate_screening,10,1.4,0.5,300.0,600.0,1200.0,10.0,0.5,0.0,False,False,False,0.15389075811028444,0.14287502080682127,0.1657558144035449,0.04515058968508606,C3_v3_5_C0,GPR trained on direct Cantera cases
screen_0144,surrogate_screening,10,1.4,0.7,300.0,600.0,1200.0,10.0,0.5,0.0,False,False,False,0.32833523023465927,0.3282374452781514,0.3284330443222058,0.00018107285062092778,C3_v3_5_C0,GPR trained on direct Cantera cases
screen_0145,surrogate_screening,20,0.6,0.0,300.0,600.0,1200.0,10.0,0.5,0.0,False,False,False,0.004191731371250443,0.004190482984704573,0.00419298012970308,0.00018107329869121094,C3_v3_5_C0,GPR trained on direct Cantera cases
screen_0146,surrogate_screening,20,0.6,0.05,300.0,600.0,1200.0,10.0,0.5,0.0,False,False,False,0.004795832042008895,0.004576424588859936,0.005025758543284311,0.028467586820653357,C3_v3_5_C0,GPR trained on direct Cantera cases
screen_0147,surrogate_screening,20,0.6,0.1,300.0,600.0,1200.0,10.0,0.5,0.0,False,False,False,0.005460737367907034,0.0050290198495291675,0.005929515789055407,0.05006609453528034,C3_v3_5_C0,GPR trained on direct Cantera cases
screen_0148,surrogate_screening,20,0.6,0.2,300.0,600.0,1200.0,10.0,0.5,0.0,False,False,False,0.007130878041959784,0.0062846491395048085,0.008091051786752701,0.07679292337937803,C3_v3_5_C0,GPR trained on direct Cantera cases
screen_0149,surrogate_screening,20,0.6,0.3,300.0,600.0,1200.0,10.0,0.5,0.0,False,False,False,0.009541349936817073,0.008238790096479612,0.011049845614551936,0.0892288620497064,C3_v3_5_C0,GPR trained on direct Cantera cases
screen_0150,surrogate_screening,20,0.6,0.4,300.0,600.0,1200.0,10.0,0.5,0.0,False,False,False,0.012945473177869525,0.011132428067660488,0.015053793725896297,0.09172271657116404,C3_v3_5_C0,GPR trained on direct Cantera cases
screen_0151,surrogate_screening,20,0.6,0.5,300.0,600.0,1200.0,10.0,0.5,0.0,False,False,False,0.017424020796902282,0.0152379156042483,0.019923755231079043,0.08149725850345733,C3_v3_5_C0,GPR trained on direct Cantera cases
screen_0152,surrogate_screening,20,0.6,0.7,300.0,600.0,1200.0,10.0,0.5,0.0,False,False,False,0.03011639993303645,0.030107430630102502,0.03012537190801492,0.00018107329869121094,C3_v3_5_C0,GPR trained on direct Cantera cases
screen_0153,surrogate_screening,20,0.7,0.0,300.0,600.0,1200.0,10.0,0.5,0.0,False,False,False,0.0086159429694434,0.007615992441874926,0.009747183156923658,0.07499332255264739,C3_v3_5_C0,GPR trained on direct Cantera cases
screen_0154,surrogate_screening,20,0.7,0.05,300.0,600.0,1200.0,10.0,0.5,0.0,False,False,False,0.009913645265551238,0.008794559701781356,0.011175131647725307,0.07281386212277977,C3_v3_5_C0,GPR trained on direct Cantera cases
screen_0155,surrogate_screening,20,0.7,0.1,300.0,600.0,1200.0,10.0,0.5,0.0,False,False,False,0.011351062475060495,0.010077161821806763,0.012786002804272245,0.07236455439782416,C3_v3_5_C0,GPR trained on direct Cantera cases
screen_0156,surrogate_screening,20,0.7,0.2,300.0,600.0,1200.0,10.0,0.5,0.0,False,False,False,0.014851723464369115,0.013238971793617632,0.016660938122734604,0.069879044571572,C3_v3_5_C0,GPR trained on direct Cantera cases
screen_0157,surrogate_screening,20,0.7,0.3,300.0,600.0,1200.0,10.0,0.5,0.0,False,False,False,0.01958698324619812,0.017472321486407847,0.02195758090791179,0.0694512012363921,C3_v3_5_C0,GPR trained on direct Cantera cases
screen_0158,surrogate_screening,20,0.7,0.4,300.0,600.0,1200.0,10.0,0.5,0.0,False,False,False,0.0259156276498867,0.022787400073746963,0.02947329464151268,0.07819964501357357,C3_v3_5_C0,GPR trained on direct Cantera cases
screen_0159,surrogate_screening,20,0.7,0.5,300.0,600.0,1200.0,10.0,0.5,0.0,False,False,False,0.03404256536918368,0.029556496381121566,0.039209527474824736,0.08590158106669887,C3_v3_5_C0,GPR trained on direct Cantera cases
screen_0160,surrogate_screening,20,0.7,0.7,300.0,600.0,1200.0,10.0,0.5,0.0,False,False,False,0.05716225806992826,0.04980359077794388,0.06560819604798739,0.08377311322055021,C3_v3_5_C0,GPR trained on direct Cantera cases
screen_0161,surrogate_screening,20,0.8,0.0,300.0,600.0,1200.0,10.0,0.5,0.0,False,False,False,0.014463768114328163,0.012385734917902737,0.01689044610204525,0.09428654776141833,C3_v3_5_C0,GPR trained on direct Cantera cases
screen_0162,surrogate_screening,20,0.8,0.05,300.0,600.0,1200.0,10.0,0.5,0.0,False,False,False,0.016688740575027717,0.01437840379749957,0.019370304652941418,0.09058172061087977,C3_v3_5_C0,GPR trained on direct Cantera cases
screen_0163,surrogate_screening,20,0.8,0.1,300.0,600.0,1200.0,10.0,0.5,0.0,False,False,False,0.019175268093154802,0.01658990597531995,0.022163531667470426,0.08804066377562912,C3_v3_5_C0,GPR trained on direct Cantera cases
screen_0164,surrogate_screening,20,0.8,0.2,300.0,600.0,1200.0,10.0,0.5,0.0,False,False,False,0.025181346498384077,0.021947052156400058,0.028892272499875016,0.08356879617869208,C3_v3_5_C0,GPR trained on direct Cantera cases
screen_0165,surrogate_screening,20,0.8,0.3,300.0,600.0,1200.0,10.0,0.5,0.0,False,False,False,0.03308868684597373,0.02887409383755555,0.037918460864973226,0.08282471168961342,C3_v3_5_C0,GPR trained on direct Cantera cases
screen_0166,surrogate_screening,20,0.8,0.4,300.0,600.0,1200.0,10.0,0.5,0.0,False,False,False,0.043596914805455515,0.03761842093979563,0.0505255386342772,0.08966111700427315,C3_v3_5_C0,GPR trained on direct Cantera cases
screen_0167,surrogate_screening,20,0.8,0.5,300.0,600.0,1200.0,10.0,0.5,0.0,False,False,False,0.057503143396767126,0.04886610021097465,0.0676667768909978,0.09893963843429372,C3_v3_5_C0,GPR trained on direct Cantera cases
screen_0168,surrogate_screening,20,0.8,0.7,300.0,600.0,1200.0,10.0,0.5,0.0,False,False,False,0.09897253403914376,0.08256714676556863,0.118637531728471,0.11017052595892625,C3_v3_5_C0,GPR trained on direct Cantera cases
screen_0169,surrogate_screening,20,0.9,0.0,300.0,600.0,1200.0,10.0,0.5,0.0,False,False,False,0.020067216928302465,0.017922667411423347,0.022468374042966685,0.0687059193881144,C3_v3_5_C0,GPR trained on direct Cantera cases
screen_0170,surrogate_screening,20,0.9,0.05,300.0,600.0,1200.0,10.0,0.5,0.0,False,False,False,0.023120571850167942,0.020625187299938917,0.02591786609765049,0.06942842803248002,C3_v3_5_C0,GPR trained on direct Cantera cases
screen_0171,surrogate_screening,20,0.9,0.1,300.0,600.0,1200.0,10.0,0.5,0.0,False,False,False,0.026547389486464262,0.023544339994785,0.029933473977275908,0.07297627159566644,C3_v3_5_C0,GPR trained on direct Cantera cases
screen_0172,surrogate_screening,20,0.9,0.2,300.0,600.0,1200.0,10.0,0.5,0.0,False,False,False,0.03487250435027751,0.030647371240632104,0.039680126236988196,0.07851172404558918,C3_v3_5_C0,GPR trained on direct Cantera cases
screen_0173,surrogate_screening,20,0.9,0.3,300.0,600.0,1200.0,10.0,0.5,0.0,False,False,False,0.04601510411536702,0.04023433470035635,0.0526264401416662,0.08161031295594837,C3_v3_5_C0,GPR trained on direct Cantera cases
screen_0174,surrogate_screening,20,0.9,0.4,300.0,600.0,1200.0,10.0,0.5,0.0,False,False,False,0.061396269773903445,0.05311803565312462,0.07096463368423137,0.08804410661198876,C3_v3_5_C0,GPR trained on direct Cantera cases
screen_0175,surrogate_screening,20,0.9,0.5,300.0,600.0,1200.0,10.0,0.5,0.0,False,False,False,0.08281211447161523,0.07088483262653311,0.09674631439692392,0.09453974246993661,C3_v3_5_C0,GPR trained on direct Cantera cases
screen_0176,surrogate_screening,20,0.9,0.7,300.0,600.0,1200.0,10.0,0.5,0.0,False,False,False,0.15015959344415322,0.12760612059544865,0.176699231965505,0.09893638175135658,C3_v3_5_C0,GPR trained on direct Cantera cases
screen_0177,surrogate_screening,20,1.0,0.0,300.0,600.0,1200.0,10.0,0.5,0.0,False,False,False,0.024660078274178963,0.024652733989995013,0.024667424746295095,0.00018107304265118493,C3_v3_5_C0,GPR trained on direct Cantera cases
screen_0178,surrogate_screening,20,1.0,0.05,300.0,600.0,1200.0,10.0,0.5,0.0,False,False,False,0.02846001224173541,0.02728991540203021,0.029680278772116396,0.025521451700121458,C3_v3_5_C0,GPR trained on direct Cantera cases
screen_0179,surrogate_screening,20,1.0,0.1,300.0,600.0,1200.0,10.0,0.5,0.0,False,False,False,0.03272352770326877,0.030467175751667453,0.0351469815933954,0.043431259324799215,C3_v3_5_C0,GPR trained on direct Cantera cases
screen_0180,surrogate_screening,20,1.0,0.2,300.0,600.0,1200.0,10.0,0.5,0.0,False,False,False,0.04306415486005073,0.03900474592525148,0.047546045739265366,0.06018702016986752,C3_v3_5_C0,GPR trained on direct Cantera cases
screen_0181,surrogate_screening,20,1.0,0.3,300.0,600.0,1200.0,10.0,0.5,0.0,False,False,False,0.0570605627625227,0.051282044498925546,0.06349021094203859,0.06490731139223432,C3_v3_5_C0,GPR trained on direct Cantera cases
screen_0182,surrogate_screening,20,1.0,0.4,300.0,600.0,1200.0,10.0,0.5,0.0,False,False,False,0.07698015195576945,0.06810417507152877,0.08701292966120543,0.07447361859559014,C3_v3_5_C0,GPR trained on direct Cantera cases
screen_0183,surrogate_screening,20,1.0,0.5,300.0,600.0,1200.0,10.0,0.5,0.0,False,False,False,0.10560129675671928,0.09216214666878558,0.12100015331432855,0.08274842648423479,C3_v3_5_C0,GPR trained on direct Cantera cases
screen_0184,surrogate_screening,20,1.0,0.7,300.0,600.0,1200.0,10.0,0.5,0.0,False,False,False,0.1987569838787642,0.17360324597478838,0.22755529954964304,0.08225555736585577,C3_v3_5_C0,GPR trained on direct Cantera cases
screen_0185,surrogate_screening,20,1.1,0.0,300.0,600.0,1200.0,10.0,0.5,0.0,False,False,False,0.027131356169027097,0.02458786351397777,0.029937960536999833,0.059840209794935845,C3_v3_5_C0,GPR trained on direct Cantera cases
screen_0186,surrogate_screening,20,1.1,0.05,300.0,600.0,1200.0,10.0,0.5,0.0,False,False,False,0.03149125353774181,0.02877488449665125,0.034464049699096014,0.05483702202086482,C3_v3_5_C0,GPR trained on direct Cantera cases
screen_0187,surrogate_screening,20,1.1,0.1,300.0,600.0,1200.0,10.0,0.5,0.0,False,False,False,0.036387905315701116,0.03319764387062348,0.03988474779790335,0.05577966092996536,C3_v3_5_C0,GPR trained on direct Cantera cases
screen_0188,surrogate_screening,20,1.1,0.2,300.0,600.0,1200.0,10.0,0.5,0.0,False,False,False,0.048217528325344615,0.04338047347342986,0.05359392951829832,0.06426333936544658,C3_v3_5_C0,GPR trained on direct Cantera cases
screen_0189,surrogate_screening,20,1.1,0.3,300.0,600.0,1200.0,10.0,0.5,0.0,False,False,False,0.06423360676135018,0.057215525405391106,0.07211252904413606,0.07033511173740743,C3_v3_5_C0,GPR trained on direct Cantera cases
screen_0190,surrogate_screening,20,1.1,0.4,300.0,600.0,1200.0,10.0,0.5,0.0,False,False,False,0.0871776685238639,0.07667737445300715,0.0991158857938521,0.0780191646968216,C3_v3_5_C0,GPR trained on direct Cantera cases
screen_0191,surrogate_screening,20,1.1,0.5,300.0,600.0,1200.0,10.0,0.5,0.0,False,False,False,0.12041327395071896,0.10434379204387756,0.13895753891552814,0.08707515834517765,C3_v3_5_C0,GPR trained on direct Cantera cases
screen_0192,surrogate_screening,20,1.1,0.7,300.0,600.0,1200.0,10.0,0.5,0.0,False,False,False,0.23102641916440703,0.19476868311655016,0.2740338205192341,0.10378082593529923,C3_v3_5_C0,GPR trained on direct Cantera cases
screen_0193,surrogate_screening,20,1.2,0.0,300.0,600.0,1200.0,10.0,0.5,0.0,False,False,False,0.025613491047781142,0.022353360306805042,0.02934909627234178,0.08276142715553088,C3_v3_5_C0,GPR trained on direct Cantera cases
screen_0194,surrogate_screening,20,1.2,0.05,300.0,600.0,1200.0,10.0,0.5,0.0,False,False,False,0.029813256986400173,0.026315363091858248,0.03377609835876197,0.0758664092938973,C3_v3_5_C0,GPR trained on direct Cantera cases
screen_0195,surrogate_screening,20,1.2,0.1,300.0,600.0,1200.0,10.0,0.5,0.0,False,False,False,0.03462211306067262,0.03079198733207529,0.038928656986596956,0.0712693490237581,C3_v3_5_C0,GPR trained on direct Cantera cases
screen_0196,surrogate_screening,20,1.2,0.2,300.0,600.0,1200.0,10.0,0.5,0.0,False,False,False,0.046618382915628025,0.041887456317292,0.05188363812798407,0.06505078194924954,C3_v3_5_C0,GPR trained on direct Cantera cases
screen_0197,surrogate_screening,20,1.2,0.3,300.0,600.0,1200.0,10.0,0.5,0.0,False,False,False,0.0633626261867184,0.057299956986577326,0.07006676110103006,0.0611394056239238,C3_v3_5_C0,GPR trained on direct Cantera cases
screen_0198,surrogate_screening,20,1.2,0.4,300.0,600.0,1200.0,10.0,0.5,0.0,False,False,False,0.08763523739539592,0.07836122775128314,0.09800682115042082,0.06799629750263289,C3_v3_5_C0,GPR trained on direct Cantera cases
screen_0199,surrogate_screening,20,1.2,0.5,300.0,600.0,1200.0,10.0,0.5,0.0,False,False,False,0.1229272327836218,0.10717544833777841,0.1409940876777486,0.08335889435540592,C3_v3_5_C0,GPR trained on direct Cantera cases
screen_0200,surrogate_screening,20,1.2,0.7,300.0,600.0,1200.0,10.0,0.5,0.0,False,False,False,0.24279658701796578,0.19986709523480434,0.29494691258867706,0.11828047446528958,C3_v3_5_C0,GPR trained on direct Cantera cases
screen_0201,surrogate_screening,20,1.3,0.0,300.0,600.0,1200.0,10.0,0.5,0.0,False,False,False,0.0221026464650434,0.019789195371579426,0.024686550998445418,0.06721048659538376,C3_v3_5_C0,GPR trained on direct Cantera cases
screen_0202,surrogate_screening,20,1.3,0.05,300.0,600.0,1200.0,10.0,0.5,0.0,False,False,False,0.025782276304066248,0.02327188878665122,0.028563464595125737,0.06227425444789625,C3_v3_5_C0,GPR trained on direct Cantera cases
screen_0203,surrogate_screening,20,1.3,0.1,300.0,600.0,1200.0,10.0,0.5,0.0,False,False,False,0.03009420096021784,0.027285378544509836,0.03319217030310202,0.05956323392131239,C3_v3_5_C0,GPR trained on direct Cantera cases
screen_0204,surrogate_screening,20,1.3,0.2,300.0,600.0,1200.0,10.0,0.5,0.0,False,False,False,0.04127925301394957,0.03759828375208887,0.04532059869075796,0.05677910088415674,C3_v3_5_C0,GPR trained on direct Cantera cases
screen_0205,surrogate_screening,20,1.3,0.3,300.0,600.0,1200.0,10.0,0.5,0.0,False,False,False,0.05751881991419053,0.052415228688435796,0.06311934006788004,0.05648329737247041,C3_v3_5_C0,GPR trained on direct Cantera cases
screen_0206,surrogate_screening,20,1.3,0.4,300.0,600.0,1200.0,10.0,0.5,0.0,False,False,False,0.08147767301447875,0.07375391143429463,0.09001029329500006,0.06054407401951431,C3_v3_5_C0,GPR trained on direct Cantera cases
screen_0207,surrogate_screening,20,1.3,0.5,300.0,600.0,1200.0,10.0,0.5,0.0,False,False,False,0.11663634903238455,0.10333882499296948,0.13164498354350135,0.07358529733470377,C3_v3_5_C0,GPR trained on direct Cantera cases
screen_0208,surrogate_screening,20,1.3,0.7,300.0,600.0,1200.0,10.0,0.5,0.0,False,False,False,0.23908947979746367,0.20203727186651213,0.28293680082747513,0.10236211535011545,C3_v3_5_C0,GPR trained on direct Cantera cases
screen_0209,surrogate_screening,20,1.4,0.0,300.0,600.0,1200.0,10.0,0.5,0.0,False,False,False,0.019025540586814195,0.019019874389144643,0.019031208472496786,0.00018107291463103614,C3_v3_5_C0,GPR trained on direct Cantera cases
screen_0210,surrogate_screening,20,1.4,0.05,300.0,600.0,1200.0,10.0,0.5,0.0,False,False,False,0.022294198109143185,0.021444861104522484,0.023177173631817333,0.02361181094982067,C3_v3_5_C0,GPR trained on direct Cantera cases
screen_0211,surrogate_screening,20,1.4,0.1,300.0,600.0,1200.0,10.0,0.5,0.0,False,False,False,0.026187267839778344,0.024517994799256024,0.027970190977163367,0.04004012327228414,C3_v3_5_C0,GPR trained on direct Cantera cases
screen_0212,surrogate_screening,20,1.4,0.2,300.0,600.0,1200.0,10.0,0.5,0.0,False,False,False,0.03648868163034523,0.03322138746042679,0.04007731130154275,0.05702629243222549,C3_v3_5_C0,GPR trained on direct Cantera cases
screen_0213,surrogate_screening,20,1.4,0.3,300.0,600.0,1200.0,10.0,0.5,0.0,False,False,False,0.051618984038687823,0.04660327098007883,0.057174517091843,0.062139076704444185,C3_v3_5_C0,GPR trained on direct Cantera cases
screen_0214,surrogate_screening,20,1.4,0.4,300.0,600.0,1200.0,10.0,0.5,0.0,False,False,False,0.07411188034265344,0.06590034897088848,0.08334661187226987,0.07138730152344751,C3_v3_5_C0,GPR trained on direct Cantera cases
screen_0215,surrogate_screening,20,1.4,0.5,300.0,600.0,1200.0,10.0,0.5,0.0,False,False,False,0.10748148972947598,0.09393433658776623,0.12298240509394293,0.08189826926735518,C3_v3_5_C0,GPR trained on direct Cantera cases
screen_0216,surrogate_screening,20,1.4,0.7,300.0,600.0,1200.0,10.0,0.5,0.0,False,False,False,0.2265161293231437,0.19691511445591958,0.26056687921243876,0.08513277126830245,C3_v3_5_C0,GPR trained on direct Cantera cases
screen_0217,surrogate_screening,5,0.6,0.0,450.0,750.0,1200.0,10.0,0.5,0.0,False,False,False,0.01742796493939349,0.01536409315594982,0.0197690783859317,0.07662183756005107,C3_v3_5_C0,GPR trained on direct Cantera cases
screen_0218,surrogate_screening,5,0.6,0.05,450.0,750.0,1200.0,10.0,0.5,0.0,False,False,False,0.02148246649456846,0.019202856078778224,0.024032694136591114,0.0681933546920328,C3_v3_5_C0,GPR trained on direct Cantera cases
screen_0219,surrogate_screening,5,0.6,0.1,450.0,750.0,1200.0,10.0,0.5,0.0,False,False,False,0.026605212203307766,0.02407657503755672,0.029399418948870038,0.06070988840135699,C3_v3_5_C0,GPR trained on direct Cantera cases
screen_0220,surrogate_screening,5,0.6,0.2,450.0,750.0,1200.0,10.0,0.5,0.0,False,False,False,0.04206860330227557,0.038718632782929106,0.04570841624822338,0.0504442226438729,C3_v3_5_C0,GPR trained on direct Cantera cases
screen_0221,surrogate_screening,5,0.6,0.3,450.0,750.0,1200.0,10.0,0.5,0.0,False,False,False,0.06942697375658474,0.06411253839391284,0.0751819348562114,0.048410645152915995,C3_v3_5_C0,GPR trained on direct Cantera cases
screen_0222,surrogate_screening,5,0.6,0.4,450.0,750.0,1200.0,10.0,0.5,0.0,False,False,False,0.11365490923828256,0.10696449222318072,0.12076379857915928,0.03688134618384254,C3_v3_5_C0,GPR trained on direct Cantera cases
screen_0223,surrogate_screening,5,0.6,0.5,450.0,750.0,1200.0,10.0,0.5,0.0,False,False,False,0.1731814595271389,0.17312988250493871,0.17323305191461966,0.00018107297864112184,C3_v3_5_C0,GPR trained on direct Cantera cases
screen_0224,surrogate_screening,5,0.6,0.7,450.0,750.0,1200.0,10.0,0.5,0.0,False,False,False,0.30168109676190685,0.2635936344021338,0.3452719347714653,0.08204366858537467,C3_v3_5_C0,GPR trained on direct Cantera cases
screen_0225,surrogate_screening,5,0.7,0.0,450.0,750.0,1200.0,10.0,0.5,0.0,False,False,False,0.038140597053592,0.0353071026616373,0.04120148734790043,0.04692711371932199,C3_v3_5_C0,GPR trained on direct Cantera cases
screen_0226,surrogate_screening,5,0.7,0.05,450.0,750.0,1200.0,10.0,0.5,0.0,False,False,False,0.046769024059393316,0.04322076295645739,0.05060858397321077,0.04796358719315295,C3_v3_5_C0,GPR trained on direct Cantera cases
screen_0227,surrogate_screening,5,0.7,0.1,450.0,750.0,1200.0,10.0,0.5,0.0,False,False,False,0.057324794737320675,0.05267666667632712,0.06238306823527114,0.05140464931173479,C3_v3_5_C0,GPR trained on direct Cantera cases
screen_0228,surrogate_screening,5,0.7,0.2,450.0,750.0,1200.0,10.0,0.5,0.0,False,False,False,0.08705196257530662,0.07951282217695219,0.09530593910184686,0.05506803491787013,C3_v3_5_C0,GPR trained on direct Cantera cases
screen_0229,surrogate_screening,5,0.7,0.3,450.0,750.0,1200.0,10.0,0.5,0.0,False,False,False,0.13359689608797365,0.12207619024540985,0.14620484640338724,0.05482168263952845,C3_v3_5_C0,GPR trained on direct Cantera cases
screen_0230,surrogate_screening,5,0.7,0.4,450.0,750.0,1200.0,10.0,0.5,0.0,False,False,False,0.1999175369947395,0.18294526577486694,0.2184643665347787,0.053931886029835535,C3_v3_5_C0,GPR trained on direct Cantera cases
screen_0231,surrogate_screening,5,0.7,0.5,450.0,750.0,1200.0,10.0,0.5,0.0,False,False,False,0.2832397465868623,0.25884537188059054,0.3099331213215546,0.05474944464615648,C3_v3_5_C0,GPR trained on direct Cantera cases
screen_0232,surrogate_screening,5,0.7,0.7,450.0,750.0,1200.0,10.0,0.5,0.0,False,False,False,0.477659276073559,0.41939614546411863,0.5440164066520647,0.07907704494172196,C3_v3_5_C0,GPR trained on direct Cantera cases
screen_0233,surrogate_screening,5,0.8,0.0,450.0,750.0,1200.0,10.0,0.5,0.0,False,False,False,0.06360096375287293,0.06358202214345077,0.06361991100515695,0.00018107227452893453,C3_v3_5_C0,GPR trained on direct Cantera cases
screen_0234,surrogate_screening,5,0.8,0.05,450.0,750.0,1200.0,10.0,0.5,0.0,False,False,False,0.07678145420332391,0.07404428301669062,0.07961980951653248,0.022066745226361425,C3_v3_5_C0,GPR trained on direct Cantera cases
screen_0235,surrogate_screening,5,0.8,0.1,450.0,750.0,1200.0,10.0,0.5,0.0,False,False,False,0.09238692497676061,0.08694533657997341,0.09816908234992774,0.03690325717036037,C3_v3_5_C0,GPR trained on direct Cantera cases
screen_0236,surrogate_screening,5,0.8,0.2,450.0,750.0,1200.0,10.0,0.5,0.0,False,False,False,0.13357143694904472,0.12271091295120704,0.145393171149552,0.051553285765304935,C3_v3_5_C0,GPR trained on direct Cantera cases
screen_0237,surrogate_screening,5,0.8,0.3,450.0,750.0,1200.0,10.0,0.5,0.0,False,False,False,0.19254588623889565,0.1750591489900215,0.21177938154854728,0.057878774680465525,C3_v3_5_C0,GPR trained on direct Cantera cases
screen_0238,surrogate_screening,5,0.8,0.4,450.0,750.0,1200.0,10.0,0.5,0.0,False,False,False,0.2729859698319422,0.24768123893430694,0.30087599709096857,0.05913544605545893,C3_v3_5_C0,GPR trained on direct Cantera cases
screen_0239,surrogate_screening,5,0.8,0.5,450.0,750.0,1200.0,10.0,0.5,0.0,False,False,False,0.3775485073613106,0.34184431258541187,0.41698185449593644,0.06039127641234143,C3_v3_5_C0,GPR trained on direct Cantera cases
screen_0240,surrogate_screening,5,0.8,0.7,450.0,750.0,1200.0,10.0,0.5,0.0,False,False,False,0.6620530517834032,0.5953394609584522,0.7362425508802394,0.06456773610515533,C3_v3_5_C0,GPR trained on direct Cantera cases
screen_0241,surrogate_screening,5,0.9,0.0,450.0,750.0,1200.0,10.0,0.5,0.0,True,False,False,0.08242164049397152,0.08239709370200998,0.08244619459863024,0.0001810724025495359,C3_v3_5_C0,GPR trained on direct Cantera cases
screen_0242,surrogate_screening,5,0.9,0.05,450.0,750.0,1200.0,10.0,0.5,0.0,True,False,False,0.09780303562709931,0.09447301016089908,0.1012504392692109,0.021058619299463194,C3_v3_5_C0,GPR trained on direct Cantera cases
screen_0243,surrogate_screening,5,0.9,0.1,450.0,750.0,1200.0,10.0,0.5,0.0,False,False,False,0.11598436814864772,0.10965588355048271,0.12267808364927292,0.03410838523465699,C3_v3_5_C0,GPR trained on direct Cantera cases
screen_0244,surrogate_screening,5,0.9,0.2,450.0,750.0,1200.0,10.0,0.5,0.0,False,False,False,0.16369341016866024,0.15235976047107608,0.1758701408416305,0.043617421608380794,C3_v3_5_C0,GPR trained on direct Cantera cases
screen_0245,surrogate_screening,5,0.9,0.3,450.0,750.0,1200.0,10.0,0.5,0.0,False,False,False,0.23140129374068694,0.21392560896566568,0.2503045755193232,0.04773560652890652,C3_v3_5_C0,GPR trained on direct Cantera cases
screen_0246,surrogate_screening,5,0.9,0.4,450.0,750.0,1200.0,10.0,0.5,0.0,False,True,False,0.32525040243193715,0.2976585579488356,0.35539990857686304,0.05388954637581078,C3_v3_5_C0,GPR trained on direct Cantera cases
screen_0247,surrogate_screening,5,0.9,0.5,450.0,750.0,1200.0,10.0,0.5,0.0,False,False,False,0.4535574242720224,0.4127324228598761,0.49842058854220905,0.057338838735595796,C3_v3_5_C0,GPR trained on direct Cantera cases
screen_0248,surrogate_screening,5,0.9,0.7,450.0,750.0,1200.0,10.0,0.5,0.0,False,False,False,0.8405627629496562,0.7640446810744674,0.9247440312835533,0.05802149110718963,C3_v3_5_C0,GPR trained on direct Cantera cases
screen_0249,surrogate_screening,5,1.0,0.0,450.0,750.0,1200.0,10.0,0.5,0.0,True,False,False,0.09923786190064998,0.09621851080584497,0.10235196067921509,0.018782890381491012,C3_v3_5_C0,GPR trained on direct Cantera cases
screen_0250,surrogate_screening,5,1.0,0.05,450.0,750.0,1200.0,10.0,0.5,0.0,True,False,False,0.11671939302192869,0.11668463168205223,0.11675416471750265,0.0001810724025495359,C3_v3_5_C0,GPR trained on direct Cantera cases
screen_0251,surrogate_screening,5,1.0,0.1,450.0,750.0,1200.0,10.0,0.5,0.0,True,False,False,0.13765253402845912,0.1346964302324835,0.14067351370598186,0.013196996464407784,C3_v3_5_C0,GPR trained on direct Cantera cases
screen_0252,surrogate_screening,5,1.0,0.2,450.0,750.0,1200.0,10.0,0.5,0.0,True,False,False,0.1923172064279691,0.1922599305058419,0.19237449941309662,0.0001810725945802682,C3_v3_5_C0,GPR trained on direct Cantera cases
screen_0253,surrogate_screening,5,1.0,0.3,450.0,750.0,1200.0,10.0,0.5,0.0,False,True,False,0.268610336497126,0.25563001363506305,0.2822497712498762,0.0301098032614735,C3_v3_5_C0,GPR trained on direct Cantera cases
screen_0254,surrogate_screening,5,1.0,0.4,450.0,750.0,1200.0,10.0,0.5,0.0,False,True,False,0.3758784380588378,0.34764740802455696,0.4064019950569331,0.047463232381648235,C3_v3_5_C0,GPR trained on direct Cantera cases
screen_0255,surrogate_screening,5,1.0,0.5,450.0,750.0,1200.0,10.0,0.5,0.0,False,True,False,0.5251107645927389,0.4762249429584596,0.5790148524732426,0.05940359189597456,C3_v3_5_C0,GPR trained on direct Cantera cases
screen_0256,surrogate_screening,5,1.0,0.7,450.0,750.0,1200.0,10.0,0.5,0.0,False,False,False,0.9855595971959294,0.8758872865929969,1.108964286264786,0.07171561364690046,C3_v3_5_C0,GPR trained on direct Cantera cases
screen_0257,surrogate_screening,5,1.1,0.0,450.0,750.0,1200.0,10.0,0.5,0.0,True,False,False,0.11714346544965469,0.1171085777633113,0.11717836352934997,0.00018107265859046702,C3_v3_5_C0,GPR trained on direct Cantera cases
screen_0258,surrogate_screening,5,1.1,0.05,450.0,750.0,1200.0,10.0,0.5,0.0,True,False,False,0.13798428840755098,0.1340180259435675,0.1420679323791522,0.01772979555367785,C3_v3_5_C0,GPR trained on direct Cantera cases
screen_0259,surrogate_screening,5,1.1,0.1,450.0,750.0,1200.0,10.0,0.5,0.0,True,False,False,0.16113663562478636,0.15416164427508874,0.1684272080942698,0.026900293901104565,C3_v3_5_C0,GPR trained on direct Cantera cases
screen_0260,surrogate_screening,5,1.1,0.2,450.0,750.0,1200.0,10.0,0.5,0.0,True,False,False,0.21787973005145828,0.2060034914386727,0.2304406417375146,0.03407300678374663,C3_v3_5_C0,GPR trained on direct Cantera cases
screen_0261,surrogate_screening,5,1.1,0.3,450.0,750.0,1200.0,10.0,0.5,0.0,False,True,False,0.2971111903145165,0.2782945855438467,0.3172000606393425,0.03977278664275217,C3_v3_5_C0,GPR trained on direct Cantera cases
screen_0262,surrogate_screening,5,1.1,0.4,450.0,750.0,1200.0,10.0,0.5,0.0,False,True,False,0.4110057474392893,0.3832124347674083,0.44081483037119806,0.04256395322484678,C3_v3_5_C0,GPR trained on direct Cantera cases
screen_0263,surrogate_screening,5,1.1,0.5,450.0,750.0,1200.0,10.0,0.5,0.0,False,True,False,0.5710362701815521,0.5270331655601327,0.6187132863190821,0.04874726369840505,C3_v3_5_C0,GPR trained on direct Cantera cases
screen_0264,surrogate_screening,5,1.1,0.7,450.0,750.0,1200.0,10.0,0.5,0.0,False,False,False,1.0743666225061839,0.9407199742773567,1.2270002456810045,0.08075444764994505,C3_v3_5_C0,GPR trained on direct Cantera cases
screen_0265,surrogate_screening,5,1.2,0.0,450.0,750.0,1200.0,10.0,0.5,0.0,True,False,False,0.11039149997104711,0.10465629407278305,0.11644099739842463,0.03243255121529338,C3_v3_5_C0,GPR trained on direct Cantera cases
screen_0266,surrogate_screening,5,1.2,0.05,450.0,750.0,1200.0,10.0,0.5,0.0,True,False,False,0.13065285312585076,0.12430002054977968,0.13733037174429805,0.030301316607745325,C3_v3_5_C0,GPR trained on direct Cantera cases
screen_0267,surrogate_screening,5,1.2,0.1,450.0,750.0,1200.0,10.0,0.5,0.0,True,False,False,0.15357999132850392,0.1469935045745972,0.1604616054615757,0.026646290702052405,C3_v3_5_C0,GPR trained on direct Cantera cases
screen_0268,surrogate_screening,5,1.2,0.2,450.0,750.0,1200.0,10.0,0.5,0.0,True,False,False,0.20984956088041523,0.20978706338305797,0.20991207699635225,0.00018107285062092778,C3_v3_5_C0,GPR trained on direct Cantera cases
screen_0269,surrogate_screening,5,1.2,0.3,450.0,750.0,1200.0,10.0,0.5,0.0,False,False,False,0.28932042839100136,0.27569805035316625,0.30361589491520036,0.029318283454031924,C3_v3_5_C0,GPR trained on direct Cantera cases
screen_0270,surrogate_screening,5,1.2,0.4,450.0,750.0,1200.0,10.0,0.5,0.0,False,True,False,0.40372070286116934,0.38372203036806124,0.42476165823051204,0.030884436547309775,C3_v3_5_C0,GPR trained on direct Cantera cases
screen_0271,surrogate_screening,5,1.2,0.5,450.0,750.0,1200.0,10.0,0.5,0.0,False,False,False,0.5662962913172288,0.5661276369212709,0.5664649959568128,0.0001810725945802682,C3_v3_5_C0,GPR trained on direct Cantera cases
screen_0272,surrogate_screening,5,1.2,0.7,450.0,750.0,1200.0,10.0,0.5,0.0,False,False,False,1.0993984346821144,0.9664436598663743,1.2506439520215815,0.07835588305820619,C3_v3_5_C0,GPR trained on direct Cantera cases
screen_0273,surrogate_screening,5,1.3,0.0,450.0,750.0,1200.0,10.0,0.5,0.0,True,False,False,0.09612635161715827,0.0907028472632608,0.10187415008490389,0.03530379333595533,C3_v3_5_C0,GPR trained on direct Cantera cases
screen_0274,surrogate_screening,5,1.3,0.05,450.0,750.0,1200.0,10.0,0.5,0.0,True,False,False,0.11498299210212334,0.1114621544948517,0.11861504501393454,0.018905234619330566,C3_v3_5_C0,GPR trained on direct Cantera cases
screen_0275,surrogate_screening,5,1.3,0.1,450.0,750.0,1200.0,10.0,0.5,0.0,True,False,False,0.13701715004217568,0.13697634352851545,0.13705796871247197,0.00018107285062092778,C3_v3_5_C0,GPR trained on direct Cantera cases
screen_0276,surrogate_screening,5,1.3,0.2,450.0,750.0,1200.0,10.0,0.5,0.0,False,False,False,0.19210444366370483,0.18342702596177293,0.20119236563881562,0.028098657643635443,C3_v3_5_C0,GPR trained on direct Cantera cases
screen_0277,surrogate_screening,5,1.3,0.3,450.0,750.0,1200.0,10.0,0.5,0.0,False,False,False,0.26793916774426646,0.25036031730448033,0.28675230317822187,0.04125156186516681,C3_v3_5_C0,GPR trained on direct Cantera cases
screen_0278,surrogate_screening,5,1.3,0.4,450.0,750.0,1200.0,10.0,0.5,0.0,False,False,False,0.3757655674685743,0.34939924193760624,0.4041215456334457,0.044225063877148155,C3_v3_5_C0,GPR trained on direct Cantera cases
screen_0279,surrogate_screening,5,1.3,0.5,450.0,750.0,1200.0,10.0,0.5,0.0,False,False,False,0.5320347259545326,0.49315811700051543,0.5739760532446407,0.04612699987922044,C3_v3_5_C0,GPR trained on direct Cantera cases
screen_0280,surrogate_screening,5,1.3,0.7,450.0,750.0,1200.0,10.0,0.5,0.0,False,False,False,1.0747787781799785,0.9551160295390336,1.209433604191059,0.07175519856833718,C3_v3_5_C0,GPR trained on direct Cantera cases
screen_0281,surrogate_screening,5,1.4,0.0,450.0,750.0,1200.0,10.0,0.5,0.0,False,False,False,0.08232506884064163,0.07568175410210617,0.08955153114544119,0.051148062073492685,C3_v3_5_C0,GPR trained on direct Cantera cases
screen_0282,surrogate_screening,5,1.4,0.05,450.0,750.0,1200.0,10.0,0.5,0.0,False,False,False,0.09942350295666423,0.09276635133599681,0.10655838887497625,0.042130427533155664,C3_v3_5_C0,GPR trained on direct Cantera cases
screen_0283,surrogate_screening,5,1.4,0.1,450.0,750.0,1200.0,10.0,0.5,0.0,False,False,False,0.11999757897550703,0.11377907384738299,0.12655595157416766,0.032348296619633614,C3_v3_5_C0,GPR trained on direct Cantera cases
screen_0284,surrogate_screening,5,1.4,0.2,450.0,750.0,1200.0,10.0,0.5,0.0,False,False,False,0.17292166594687267,0.1728701664057924,0.17297318083011862,0.0001810725945802682,C3_v3_5_C0,GPR trained on direct Cantera cases
screen_0285,surrogate_screening,5,1.4,0.3,450.0,750.0,1200.0,10.0,0.5,0.0,False,False,False,0.24331961896344814,0.2301427312153231,0.2572509531796836,0.03384571216503432,C3_v3_5_C0,GPR trained on direct Cantera cases
screen_0286,surrogate_screening,5,1.4,0.4,450.0,750.0,1200.0,10.0,0.5,0.0,False,False,False,0.34078457958277636,0.314343179895324,0.36945013319545283,0.04909740275372891,C3_v3_5_C0,GPR trained on direct Cantera cases
screen_0287,surrogate_screening,5,1.4,0.5,450.0,750.0,1200.0,10.0,0.5,0.0,False,False,False,0.48395070942059054,0.4449858453232126,0.5263275036952628,0.051027713126186806,C3_v3_5_C0,GPR trained on direct Cantera cases
screen_0288,surrogate_screening,5,1.4,0.7,450.0,750.0,1200.0,10.0,0.5,0.0,False,False,False,1.0069252533147561,0.9296133258492016,1.0906668800565973,0.04856409838140002,C3_v3_5_C0,GPR trained on direct Cantera cases
screen_0289,surrogate_screening,10,0.6,0.0,450.0,750.0,1200.0,10.0,0.5,0.0,False,False,False,0.014639052146140296,0.013038157825074819,0.016436512781374084,0.0704027275899617,C3_v3_5_C0,GPR trained on direct Cantera cases
screen_0290,surrogate_screening,10,0.6,0.05,450.0,750.0,1200.0,10.0,0.5,0.0,False,False,False,0.01732835464586658,0.015649874898332725,0.019186854635171273,0.06193388051527375,C3_v3_5_C0,GPR trained on direct Cantera cases
screen_0291,surrogate_screening,10,0.6,0.1,450.0,750.0,1200.0,10.0,0.5,0.0,False,False,False,0.020546986716345958,0.018778101277770704,0.022482500060933604,0.05472518731552291,C3_v3_5_C0,GPR trained on direct Cantera cases
screen_0292,surrogate_screening,10,0.6,0.2,450.0,750.0,1200.0,10.0,0.5,0.0,False,False,False,0.029545837525202664,0.027366637393614182,0.03189856694887083,0.04657642170820684,C3_v3_5_C0,GPR trained on direct Cantera cases
screen_0293,surrogate_screening,10,0.6,0.3,450.0,750.0,1200.0,10.0,0.5,0.0,False,False,False,0.04412462010550108,0.04058899559221947,0.04796822564951591,0.05077259596806969,C3_v3_5_C0,GPR trained on direct Cantera cases
screen_0294,surrogate_screening,10,0.6,0.4,450.0,750.0,1200.0,10.0,0.5,0.0,False,False,False,0.06639418964174458,0.0609441793399886,0.07233157400630555,0.05206759563825344,C3_v3_5_C0,GPR trained on direct Cantera cases
screen_0295,surrogate_screening,10,0.6,0.5,450.0,750.0,1200.0,10.0,0.5,0.0,False,False,False,0.09619261079099291,0.08879181710018405,0.10421026028048554,0.04866750628434128,C3_v3_5_C0,GPR trained on direct Cantera cases
screen_0296,surrogate_screening,10,0.6,0.7,450.0,750.0,1200.0,10.0,0.5,0.0,False,False,False,0.17052496481337306,0.15048931665423437,0.1932280926719453,0.07598152657426245,C3_v3_5_C0,GPR trained on direct Cantera cases
screen_0297,surrogate_screening,10,0.7,0.0,450.0,750.0,1200.0,10.0,0.5,0.0,False,False,False,0.03035045005096258,0.027244389713039916,0.03381062405868782,0.06563144575714282,C3_v3_5_C0,GPR trained on direct Cantera cases
screen_0298,surrogate_screening,10,0.7,0.05,450.0,750.0,1200.0,10.0,0.5,0.0,False,False,False,0.03593530449881291,0.03244269429619848,0.03980391078597065,0.0621549811141144,C3_v3_5_C0,GPR trained on direct Cantera cases
screen_0299,surrogate_screening,10,0.7,0.1,450.0,750.0,1200.0,10.0,0.5,0.0,False,False,False,0.04249646311130589,0.03854644789491545,0.046851252854580146,0.05930510552990239,C3_v3_5_C0,GPR trained on direct Cantera cases
screen_0300,surrogate_screening,10,0.7,0.2,450.0,750.0,1200.0,10.0,0.5,0.0,False,False,False,0.059953915402881384,0.05506942200638074,0.06527164878758625,0.05166053670456581,C3_v3_5_C0,GPR trained on direct Cantera cases
screen_0301,surrogate_screening,10,0.7,0.3,450.0,750.0,1200.0,10.0,0.5,0.0,False,False,False,0.085828607106511,0.07930092347516796,0.09289361933030411,0.04808668278031267,C3_v3_5_C0,GPR trained on direct Cantera cases
screen_0302,surrogate_screening,10,0.7,0.4,450.0,750.0,1200.0,10.0,0.5,0.0,False,False,False,0.1220701020455154,0.11169071809086933,0.13341403894707973,0.05401938041777049,C3_v3_5_C0,GPR trained on direct Cantera cases
screen_0303,surrogate_screening,10,0.7,0.5,450.0,750.0,1200.0,10.0,0.5,0.0,False,False,False,0.16852319958683568,0.1524756343705897,0.18625971891324303,0.06083198459565338,C3_v3_5_C0,GPR trained on direct Cantera cases
screen_0304,surrogate_screening,10,0.7,0.7,450.0,750.0,1200.0,10.0,0.5,0.0,False,False,False,0.2878030929429059,0.25527667442280516,0.324473908533898,0.07290491582578262,C3_v3_5_C0,GPR trained on direct Cantera cases
screen_0305,surrogate_screening,10,0.8,0.0,450.0,750.0,1200.0,10.0,0.5,0.0,False,False,False,0.04958633637827091,0.044752074864941385,0.05494281020130425,0.06235714905335582,C3_v3_5_C0,GPR trained on direct Cantera cases
screen_0306,surrogate_screening,10,0.8,0.05,450.0,750.0,1200.0,10.0,0.5,0.0,False,False,False,0.05836681070243184,0.05277291183477698,0.06455365969267078,0.06124583146611444,C3_v3_5_C0,GPR trained on direct Cantera cases
screen_0307,surrogate_screening,10,0.8,0.1,450.0,750.0,1200.0,10.0,0.5,0.0,False,False,False,0.0685066924039952,0.061866326802436276,0.07585979557381448,0.06197896756869935,C3_v3_5_C0,GPR trained on direct Cantera cases
screen_0308,surrogate_screening,10,0.8,0.2,450.0,750.0,1200.0,10.0,0.5,0.0,False,False,False,0.09431808167852926,0.08512342599665071,0.1045059033675141,0.062352974942331336,C3_v3_5_C0,GPR trained on direct Cantera cases
screen_0309,surrogate_screening,10,0.8,0.3,450.0,750.0,1200.0,10.0,0.5,0.0,False,False,False,0.1301964055806616,0.11746057302090472,0.1443131392106124,0.06257835499644697,C3_v3_5_C0,GPR trained on direct Cantera cases
screen_0310,surrogate_screening,10,0.8,0.4,450.0,750.0,1200.0,10.0,0.5,0.0,False,False,False,0.1790931267589881,0.16099717941845512,0.19922304333633747,0.06475324382020237,C3_v3_5_C0,GPR trained on direct Cantera cases
screen_0311,surrogate_screening,10,0.8,0.5,450.0,750.0,1200.0,10.0,0.5,0.0,False,False,False,0.24394107566416456,0.21887986596785103,0.27187173261943637,0.06589889414581085,C3_v3_5_C0,GPR trained on direct Cantera cases
screen_0312,surrogate_screening,10,0.8,0.7,450.0,750.0,1200.0,10.0,0.5,0.0,False,False,False,0.42990357378202443,0.3910085769534392,0.4726675925898277,0.057648292300827776,C3_v3_5_C0,GPR trained on direct Cantera cases
screen_0313,surrogate_screening,10,0.9,0.0,450.0,750.0,1200.0,10.0,0.5,0.0,False,False,False,0.06502170220189073,0.05943760666109204,0.07113041716733357,0.05458599354821226,C3_v3_5_C0,GPR trained on direct Cantera cases
screen_0314,surrogate_screening,10,0.9,0.05,450.0,750.0,1200.0,10.0,0.5,0.0,False,False,False,0.07577083727070975,0.06914431574275738,0.08303241877559184,0.05563381954495835,C3_v3_5_C0,GPR trained on direct Cantera cases
screen_0315,surrogate_screening,10,0.9,0.1,450.0,750.0,1200.0,10.0,0.5,0.0,False,False,False,0.08814467187943693,0.0800552976055936,0.09705145584507492,0.05851784027991409,C3_v3_5_C0,GPR trained on direct Cantera cases
screen_0316,surrogate_screening,10,0.9,0.2,450.0,750.0,1200.0,10.0,0.5,0.0,False,False,False,0.11941355444609646,0.1079736639674053,0.13206550987984883,0.06121907027704589,C3_v3_5_C0,GPR trained on direct Cantera cases
screen_0317,surrogate_screening,10,0.9,0.3,450.0,750.0,1200.0,10.0,0.5,0.0,False,False,False,0.16275498144608166,0.14700336503493638,0.18019440561254532,0.06187866910215348,C3_v3_5_C0,GPR trained on direct Cantera cases
screen_0318,surrogate_screening,10,0.9,0.4,450.0,750.0,1200.0,10.0,0.5,0.0,False,True,False,0.22347904753851341,0.20076611471745837,0.24876152411977803,0.06515321608356385,C3_v3_5_C0,GPR trained on direct Cantera cases
screen_0319,surrogate_screening,10,0.9,0.5,450.0,750.0,1200.0,10.0,0.5,0.0,False,False,False,0.30877445790080704,0.2766270203192457,0.34465782027332953,0.06683343396635452,C3_v3_5_C0,GPR trained on direct Cantera cases
screen_0320,surrogate_screening,10,0.9,0.7,450.0,750.0,1200.0,10.0,0.5,0.0,False,False,False,0.5766258412193597,0.5256669549496888,0.6325247528518456,0.05624665898804099,C3_v3_5_C0,GPR trained on direct Cantera cases
screen_0321,surrogate_screening,10,1.0,0.0,450.0,750.0,1200.0,10.0,0.5,0.0,False,False,False,0.07859428490661596,0.07319899713427938,0.08438724383956865,0.04323238003512644,C3_v3_5_C0,GPR trained on direct Cantera cases
screen_0322,surrogate_screening,10,1.0,0.05,450.0,750.0,1200.0,10.0,0.5,0.0,False,False,False,0.09129499445688351,0.08540346216275638,0.09759295234423301,0.04055277832940903,C3_v3_5_C0,GPR trained on direct Cantera cases
screen_0323,surrogate_screening,10,1.0,0.1,450.0,750.0,1200.0,10.0,0.5,0.0,False,False,False,0.10580104322269103,0.09888176876373712,0.113204495499628,0.04111580435945763,C3_v3_5_C0,GPR trained on direct Cantera cases
screen_0324,surrogate_screening,10,1.0,0.2,450.0,750.0,1200.0,10.0,0.5,0.0,False,False,False,0.14185156388005254,0.13231306613092675,0.15207769545076974,0.04231632732699556,C3_v3_5_C0,GPR trained on direct Cantera cases
screen_0325,surrogate_screening,10,1.0,0.3,450.0,750.0,1200.0,10.0,0.5,0.0,False,True,False,0.19144720596865586,0.17759993655525172,0.20637413156846718,0.04564049266886503,C3_v3_5_C0,GPR trained on direct Cantera cases
screen_0326,surrogate_screening,10,1.0,0.4,450.0,750.0,1200.0,10.0,0.5,0.0,False,True,False,0.262549694562636,0.23946752593342335,0.28785674318988036,0.05594076605980724,C3_v3_5_C0,GPR trained on direct Cantera cases
screen_0327,surrogate_screening,10,1.0,0.5,450.0,750.0,1200.0,10.0,0.5,0.0,False,True,False,0.36532943340237073,0.32877098494187185,0.40595308291482757,0.0640961032290533,C3_v3_5_C0,GPR trained on direct Cantera cases
screen_0328,surrogate_screening,10,1.0,0.7,450.0,750.0,1200.0,10.0,0.5,0.0,False,False,False,0.7002003446303459,0.6355569573498648,0.771418701267655,0.058884369637249814,C3_v3_5_C0,GPR trained on direct Cantera cases
screen_0329,surrogate_screening,10,1.1,0.0,450.0,750.0,1200.0,10.0,0.5,0.0,False,False,False,0.08980130683079862,0.08469960104659065,0.09521030334113768,0.03555540208546087,C3_v3_5_C0,GPR trained on direct Cantera cases
screen_0330,surrogate_screening,10,1.1,0.05,450.0,750.0,1200.0,10.0,0.5,0.0,False,False,False,0.10485306244401202,0.1015421064056233,0.10827197793169907,0.019505416952408674,C3_v3_5_C0,GPR trained on direct Cantera cases
screen_0331,surrogate_screening,10,1.1,0.1,450.0,750.0,1200.0,10.0,0.5,0.0,False,False,False,0.12146408713482963,0.12142791264186019,0.12150027240451354,0.00018107285062092778,C3_v3_5_C0,GPR trained on direct Cantera cases
screen_0332,surrogate_screening,10,1.1,0.2,450.0,750.0,1200.0,10.0,0.5,0.0,False,False,False,0.16057713437161744,0.15208652194035294,0.16954175658716916,0.03302421453973234,C3_v3_5_C0,GPR trained on direct Cantera cases
screen_0333,surrogate_screening,10,1.1,0.3,450.0,750.0,1200.0,10.0,0.5,0.0,False,False,False,0.21362069595898348,0.19723924651181077,0.23136268541396948,0.048501247657536696,C3_v3_5_C0,GPR trained on direct Cantera cases
screen_0334,surrogate_screening,10,1.1,0.4,450.0,750.0,1200.0,10.0,0.5,0.0,False,True,False,0.2905516622774288,0.2648116114945258,0.3187936811974809,0.056390715190954385,C3_v3_5_C0,GPR trained on direct Cantera cases
screen_0335,surrogate_screening,10,1.1,0.5,450.0,750.0,1200.0,10.0,0.5,0.0,False,True,False,0.40247257586576723,0.3631624315312196,0.4460378063916027,0.062478271172822314,C3_v3_5_C0,GPR trained on direct Cantera cases
screen_0336,surrogate_screening,10,1.1,0.7,450.0,750.0,1200.0,10.0,0.5,0.0,False,False,False,0.773799210148623,0.6796076172738146,0.8810454774308242,0.0789038439640629,C3_v3_5_C0,GPR trained on direct Cantera cases
screen_0337,surrogate_screening,10,1.2,0.0,450.0,750.0,1200.0,10.0,0.5,0.0,False,False,False,0.08492677709996833,0.07757675534452997,0.09297317781023014,0.05502832921724158,C3_v3_5_C0,GPR trained on direct Cantera cases
screen_0338,surrogate_screening,10,1.2,0.05,450.0,750.0,1200.0,10.0,0.5,0.0,False,False,False,0.09943979114638916,0.09184673667340464,0.10766057043919744,0.048286361544840124,C3_v3_5_C0,GPR trained on direct Cantera cases
screen_0339,surrogate_screening,10,1.2,0.1,450.0,750.0,1200.0,10.0,0.5,0.0,False,False,False,0.11578739387118434,0.1077593969063375,0.12441347079117056,0.04368070671620762,C3_v3_5_C0,GPR trained on direct Cantera cases
screen_0340,surrogate_screening,10,1.2,0.2,450.0,750.0,1200.0,10.0,0.5,0.0,False,False,False,0.15558715079841565,0.14568776891591662,0.16615918874795976,0.039963688318045164,C3_v3_5_C0,GPR trained on direct Cantera cases
screen_0341,surrogate_screening,10,1.2,0.3,450.0,750.0,1200.0,10.0,0.5,0.0,False,False,False,0.21047997978708657,0.196157976174034,0.22584767010374945,0.04283903053216173,C3_v3_5_C0,GPR trained on direct Cantera cases
screen_0342,surrogate_screening,10,1.2,0.4,450.0,750.0,1200.0,10.0,0.5,0.0,False,True,False,0.2898864681790471,0.2686601275044452,0.31278986284234267,0.046226287575731544,C3_v3_5_C0,GPR trained on direct Cantera cases
screen_0343,surrogate_screening,10,1.2,0.5,450.0,750.0,1200.0,10.0,0.5,0.0,False,False,False,0.40500700116078664,0.37233051845612347,0.4405512383712465,0.05113823921051953,C3_v3_5_C0,GPR trained on direct Cantera cases
screen_0344,surrogate_screening,10,1.2,0.7,450.0,750.0,1200.0,10.0,0.5,0.0,False,False,False,0.7943609955159894,0.6855294212832386,0.9204701820324076,0.08957239799009015,C3_v3_5_C0,GPR trained on direct Cantera cases
screen_0345,surrogate_screening,10,1.3,0.0,450.0,750.0,1200.0,10.0,0.5,0.0,False,False,False,0.07340400419462983,0.06644090136396834,0.08109685030142122,0.06058701273791586,C3_v3_5_C0,GPR trained on direct Cantera cases
screen_0346,surrogate_screening,10,1.3,0.05,450.0,750.0,1200.0,10.0,0.5,0.0,False,False,False,0.0865218877209546,0.07939875366876063,0.09428406251851343,0.05222781027530862,C3_v3_5_C0,GPR trained on direct Cantera cases
screen_0347,surrogate_screening,10,1.3,0.1,450.0,750.0,1200.0,10.0,0.5,0.0,False,False,False,0.10176291926737728,0.09431352805203783,0.10980070358628675,0.04621346504268403,C3_v3_5_C0,GPR trained on direct Cantera cases
screen_0348,surrogate_screening,10,1.3,0.2,450.0,750.0,1200.0,10.0,0.5,0.0,False,False,False,0.14024952423639342,0.1307584077608449,0.15042955466780156,0.04259680678864431,C3_v3_5_C0,GPR trained on direct Cantera cases
screen_0349,surrogate_screening,10,1.3,0.3,450.0,750.0,1200.0,10.0,0.5,0.0,False,False,False,0.194062294546632,0.1802199457318051,0.2089678476584821,0.044985524465301435,C3_v3_5_C0,GPR trained on direct Cantera cases
screen_0350,surrogate_screening,10,1.3,0.4,450.0,750.0,1200.0,10.0,0.5,0.0,False,False,False,0.2714746145372775,0.25172904579846284,0.2927690211687659,0.045905981915790144,C3_v3_5_C0,GPR trained on direct Cantera cases
screen_0351,surrogate_screening,10,1.3,0.5,450.0,750.0,1200.0,10.0,0.5,0.0,False,False,False,0.38404163550337866,0.3518942502346978,0.4191258530133471,0.05314301976194986,C3_v3_5_C0,GPR trained on direct Cantera cases
screen_0352,surrogate_screening,10,1.3,0.7,450.0,750.0,1200.0,10.0,0.5,0.0,False,False,False,0.7760537276668633,0.6815013287088396,0.8837244519635261,0.07898088367967726,C3_v3_5_C0,GPR trained on direct Cantera cases
screen_0353,surrogate_screening,10,1.4,0.0,450.0,750.0,1200.0,10.0,0.5,0.0,False,False,False,0.06284461391024333,0.05680559251010104,0.06952564568048945,0.061416688917281456,C3_v3_5_C0,GPR trained on direct Cantera cases
screen_0354,surrogate_screening,10,1.4,0.05,450.0,750.0,1200.0,10.0,0.5,0.0,False,False,False,0.07466535959317203,0.06845892505046791,0.08143446481328559,0.05275521365910363,C3_v3_5_C0,GPR trained on direct Cantera cases
screen_0355,surrogate_screening,10,1.4,0.1,450.0,750.0,1200.0,10.0,0.5,0.0,False,False,False,0.08872253631858464,0.0823111981188934,0.09563326291803463,0.04559681913640903,C3_v3_5_C0,GPR trained on direct Cantera cases
screen_0356,surrogate_screening,10,1.4,0.2,450.0,750.0,1200.0,10.0,0.5,0.0,False,False,False,0.12497621119007585,0.11722479905076125,0.13324018031937937,0.0389239865991961,C3_v3_5_C0,GPR trained on direct Cantera cases
screen_0357,surrogate_screening,10,1.4,0.3,450.0,750.0,1200.0,10.0,0.5,0.0,False,False,False,0.17532596259692443,0.1630358617835688,0.188542525701153,0.04418036304883513,C3_v3_5_C0,GPR trained on direct Cantera cases
screen_0358,surrogate_screening,10,1.4,0.4,450.0,750.0,1200.0,10.0,0.5,0.0,False,False,False,0.24695666922529547,0.22562272696498092,0.2703078599183757,0.054923184412165274,C3_v3_5_C0,GPR trained on direct Cantera cases
screen_0359,surrogate_screening,10,1.4,0.5,450.0,750.0,1200.0,10.0,0.5,0.0,False,False,False,0.35187878813443035,0.31757893444234275,0.38988316953823304,0.0623467261725953,C3_v3_5_C0,GPR trained on direct Cantera cases
screen_0360,surrogate_screening,10,1.4,0.7,450.0,750.0,1200.0,10.0,0.5,0.0,False,False,False,0.7279819164719296,0.6657489692962435,0.7960322811620066,0.0543243351784967,C3_v3_5_C0,GPR trained on direct Cantera cases
screen_0361,surrogate_screening,20,0.6,0.0,450.0,750.0,1200.0,10.0,0.5,0.0,False,False,False,0.01283485962329858,0.011557252430559621,0.014253701088521047,0.0637396481839856,C3_v3_5_C0,GPR trained on direct Cantera cases
screen_0362,surrogate_screening,20,0.6,0.05,450.0,750.0,1200.0,10.0,0.5,0.0,False,False,False,0.01477379339754049,0.013364469464196373,0.016331734824038196,0.06094543581812266,C3_v3_5_C0,GPR trained on direct Cantera cases
screen_0363,surrogate_screening,20,0.6,0.1,450.0,750.0,1200.0,10.0,0.5,0.0,False,False,False,0.01693584476925118,0.015307919375007875,0.018736892390251753,0.061435907214350195,C3_v3_5_C0,GPR trained on direct Cantera cases
screen_0364,surrogate_screening,20,0.6,0.2,450.0,750.0,1200.0,10.0,0.5,0.0,False,False,False,0.022281491910717533,0.02008187569943112,0.024722037383262695,0.0631846035935687,C3_v3_5_C0,GPR trained on direct Cantera cases
screen_0365,surrogate_screening,20,0.6,0.3,450.0,750.0,1200.0,10.0,0.5,0.0,False,False,False,0.029718263024882206,0.02679431219384703,0.03296129233796457,0.06296178727534368,C3_v3_5_C0,GPR trained on direct Cantera cases
screen_0366,surrogate_screening,20,0.6,0.4,450.0,750.0,1200.0,10.0,0.5,0.0,False,False,False,0.0399960276904207,0.03626021553607803,0.04411673255006593,0.05961032945350021,C3_v3_5_C0,GPR trained on direct Cantera cases
screen_0367,surrogate_screening,20,0.6,0.5,450.0,750.0,1200.0,10.0,0.5,0.0,False,False,False,0.053572345755283926,0.049014360350765875,0.058554191244869366,0.054054513055553366,C3_v3_5_C0,GPR trained on direct Cantera cases
screen_0368,surrogate_screening,20,0.6,0.7,450.0,750.0,1200.0,10.0,0.5,0.0,False,False,False,0.09259106817238269,0.08359589123350454,0.10255415402362249,0.06212663223094029,C3_v3_5_C0,GPR trained on direct Cantera cases
screen_0369,surrogate_screening,20,0.7,0.0,450.0,750.0,1200.0,10.0,0.5,0.0,False,False,False,0.024599067759856173,0.021436461366559797,0.02822826605131546,0.08365670024334092,C3_v3_5_C0,GPR trained on direct Cantera cases
screen_0370,surrogate_screening,20,0.7,0.05,450.0,750.0,1200.0,10.0,0.5,0.0,False,False,False,0.02832905636375074,0.024961849281515493,0.03215047993478801,0.0769236316104476,C3_v3_5_C0,GPR trained on direct Cantera cases
screen_0371,surrogate_screening,20,0.7,0.1,450.0,750.0,1200.0,10.0,0.5,0.0,False,False,False,0.032469978601417024,0.02898141591968991,0.036378467956777454,0.06909491360294859,C3_v3_5_C0,GPR trained on direct Cantera cases
screen_0372,surrogate_screening,20,0.7,0.2,450.0,750.0,1200.0,10.0,0.5,0.0,False,False,False,0.04247996950366985,0.03955635742948885,0.045619665871646946,0.04334725448676441,C3_v3_5_C0,GPR trained on direct Cantera cases
screen_0373,surrogate_screening,20,0.7,0.3,450.0,750.0,1200.0,10.0,0.5,0.0,False,False,False,0.055806150627965546,0.055789530407415605,0.05582277579983393,0.00018107291463103614,C3_v3_5_C0,GPR trained on direct Cantera cases
screen_0374,surrogate_screening,20,0.7,0.4,450.0,750.0,1200.0,10.0,0.5,0.0,False,False,False,0.07351782460872953,0.06862898104720945,0.07875492907991657,0.041831598016413146,C3_v3_5_C0,GPR trained on direct Cantera cases
screen_0375,surrogate_screening,20,0.7,0.5,450.0,750.0,1200.0,10.0,0.5,0.0,False,False,False,0.09651036146223961,0.08674755848704303,0.10737189647779376,0.0648316723752405,C3_v3_5_C0,GPR trained on direct Cantera cases
screen_0376,surrogate_screening,20,0.7,0.7,450.0,750.0,1200.0,10.0,0.5,0.0,False,False,False,0.16251229349970453,0.14223537918517778,0.18567986171816175,0.0810154200727822,C3_v3_5_C0,GPR trained on direct Cantera cases
screen_0377,surrogate_screening,20,0.8,0.0,450.0,750.0,1200.0,10.0,0.5,0.0,False,False,False,0.038333566013556954,0.03287469020364143,0.04469889371468392,0.09338774626470914,C3_v3_5_C0,GPR trained on direct Cantera cases
screen_0378,surrogate_screening,20,0.8,0.05,450.0,750.0,1200.0,10.0,0.5,0.0,False,False,False,0.044095116902183526,0.03813600252485455,0.05098539977675981,0.08826155888830602,C3_v3_5_C0,GPR trained on direct Cantera cases
screen_0379,surrogate_screening,20,0.8,0.1,450.0,750.0,1200.0,10.0,0.5,0.0,False,False,False,0.0505169955164282,0.04404583169398687,0.05793889541550469,0.08333076190576813,C3_v3_5_C0,GPR trained on direct Cantera cases
screen_0380,surrogate_screening,20,0.8,0.2,450.0,750.0,1200.0,10.0,0.5,0.0,False,False,False,0.06596890763941726,0.0586209928151701,0.07423785518029932,0.07178763711601104,C3_v3_5_C0,GPR trained on direct Cantera cases
screen_0381,surrogate_screening,20,0.8,0.3,450.0,750.0,1200.0,10.0,0.5,0.0,False,False,False,0.08628330812530834,0.07751991510476854,0.09603737634368154,0.0651071672240273,C3_v3_5_C0,GPR trained on direct Cantera cases
screen_0382,surrogate_screening,20,0.8,0.4,450.0,750.0,1200.0,10.0,0.5,0.0,False,False,False,0.1134405402283267,0.10074941838567048,0.12773032711745086,0.0721230377189755,C3_v3_5_C0,GPR trained on direct Cantera cases
screen_0383,surrogate_screening,20,0.8,0.5,450.0,750.0,1200.0,10.0,0.5,0.0,False,False,False,0.14973796732202174,0.1309184859724657,0.17126274178305465,0.08164863036635935,C3_v3_5_C0,GPR trained on direct Cantera cases
screen_0384,surrogate_screening,20,0.8,0.7,450.0,750.0,1200.0,10.0,0.5,0.0,False,False,False,0.25865453606707284,0.2243996324879661,0.29813849642405477,0.08636157925499946,C3_v3_5_C0,GPR trained on direct Cantera cases
screen_0385,surrogate_screening,20,0.9,0.0,450.0,750.0,1200.0,10.0,0.5,0.0,False,False,False,0.0500804399279056,0.0444764012763264,0.056390588973023084,0.07214089431268216,C3_v3_5_C0,GPR trained on direct Cantera cases
screen_0386,surrogate_screening,20,0.9,0.05,450.0,750.0,1200.0,10.0,0.5,0.0,False,False,False,0.05740840288637353,0.05095179615804512,0.06468319020081878,0.07252928386948874,C3_v3_5_C0,GPR trained on direct Cantera cases
screen_0387,surrogate_screening,20,0.9,0.1,450.0,750.0,1200.0,10.0,0.5,0.0,False,False,False,0.06561362520902357,0.05798930450719837,0.07424037673250253,0.07509105607705494,C3_v3_5_C0,GPR trained on direct Cantera cases
screen_0388,surrogate_screening,20,0.9,0.2,450.0,750.0,1200.0,10.0,0.5,0.0,False,False,False,0.08551165860708328,0.07509665589046978,0.09737109690209692,0.0789523985417228,C3_v3_5_C0,GPR trained on direct Cantera cases
screen_0389,surrogate_screening,20,0.9,0.3,450.0,750.0,1200.0,10.0,0.5,0.0,False,False,False,0.1121677850774009,0.09831780040003293,0.12796881091702886,0.080115950260488,C3_v3_5_C0,GPR trained on direct Cantera cases
screen_0390,surrogate_screening,20,0.9,0.4,450.0,750.0,1200.0,10.0,0.5,0.0,False,False,False,0.14918382204417463,0.13033902418240548,0.17075325597467753,0.08209137774079227,C3_v3_5_C0,GPR trained on direct Cantera cases
screen_0391,surrogate_screening,20,0.9,0.5,450.0,750.0,1200.0,10.0,0.5,0.0,False,False,False,0.20121057874300755,0.1759142149206662,0.23014454526232733,0.08167510887520353,C3_v3_5_C0,GPR trained on direct Cantera cases
screen_0392,surrogate_screening,20,0.9,0.7,450.0,750.0,1200.0,10.0,0.5,0.0,False,False,False,0.3665806110976123,0.32824780184795976,0.4093899294257654,0.06714263160161349,C3_v3_5_C0,GPR trained on direct Cantera cases
screen_0393,surrogate_screening,20,1.0,0.0,450.0,750.0,1200.0,10.0,0.5,0.0,False,False,False,0.0596607831871355,0.055873150476832376,0.06370517896566953,0.039872921099373446,C3_v3_5_C0,GPR trained on direct Cantera cases
screen_0394,surrogate_screening,20,1.0,0.05,450.0,750.0,1200.0,10.0,0.5,0.0,False,False,False,0.06841993847917845,0.06362931066348188,0.07357125093264992,0.04412769405050763,C3_v3_5_C0,GPR trained on direct Cantera cases
screen_0395,surrogate_screening,20,1.0,0.1,450.0,750.0,1200.0,10.0,0.5,0.0,False,False,False,0.07820186801103322,0.07168895018823719,0.08530648230106883,0.05286134400365236,C3_v3_5_C0,GPR trained on direct Cantera cases
screen_0396,surrogate_screening,20,1.0,0.2,450.0,750.0,1200.0,10.0,0.5,0.0,False,False,False,0.10180499592595998,0.09132969002580707,0.11348179537843715,0.0660080559938129,C3_v3_5_C0,GPR trained on direct Cantera cases
screen_0397,surrogate_screening,20,1.0,0.3,450.0,750.0,1200.0,10.0,0.5,0.0,False,False,False,0.13364123179957813,0.11889177757620856,0.15022047109574488,0.07109129942163804,C3_v3_5_C0,GPR trained on direct Cantera cases
screen_0398,surrogate_screening,20,1.0,0.4,450.0,750.0,1200.0,10.0,0.5,0.0,False,False,False,0.17905449464059967,0.1585967712950888,0.20215110174814344,0.07375394977632327,C3_v3_5_C0,GPR trained on direct Cantera cases
screen_0399,surrogate_screening,20,1.0,0.5,450.0,750.0,1200.0,10.0,0.5,0.0,False,False,False,0.24502894438645875,0.21839640268904909,0.2749092148400703,0.06994806771336622,C3_v3_5_C0,GPR trained on direct Cantera cases
screen_0400,surrogate_screening,20,1.0,0.7,450.0,750.0,1200.0,10.0,0.5,0.0,False,False,False,0.4638934162453905,0.46375525908926607,0.46403161455986175,0.00018107310666122536,C3_v3_5_C0,GPR trained on direct Cantera cases
screen_0401,surrogate_screening,20,1.1,0.0,450.0,750.0,1200.0,10.0,0.5,0.0,False,False,False,0.06553202877371181,0.059175138203194,0.0725718084586881,0.062028888230827355,C3_v3_5_C0,GPR trained on direct Cantera cases
screen_0402,surrogate_screening,20,1.1,0.05,450.0,750.0,1200.0,10.0,0.5,0.0,False,False,False,0.07552485083658049,0.06882775300411191,0.0828735916098694,0.05644662733246233,C3_v3_5_C0,GPR trained on direct Cantera cases
screen_0403,surrogate_screening,20,1.1,0.1,450.0,750.0,1200.0,10.0,0.5,0.0,False,False,False,0.08662183917155344,0.07897486279724149,0.09500925681537943,0.05618380474843801,C3_v3_5_C0,GPR trained on direct Cantera cases
screen_0404,surrogate_screening,20,1.1,0.2,450.0,750.0,1200.0,10.0,0.5,0.0,False,False,False,0.11307402489103709,0.10167247076820071,0.1257541496577633,0.06461162062882957,C3_v3_5_C0,GPR trained on direct Cantera cases
screen_0405,surrogate_screening,20,1.1,0.3,450.0,750.0,1200.0,10.0,0.5,0.0,False,False,False,0.14856520352851932,0.1319842007253455,0.1672292560637666,0.071940254666815,C3_v3_5_C0,GPR trained on direct Cantera cases
screen_0406,surrogate_screening,20,1.1,0.4,450.0,750.0,1200.0,10.0,0.5,0.0,False,False,False,0.19941980440124077,0.1760428545415432,0.2259010085413292,0.0757961796047231,C3_v3_5_C0,GPR trained on direct Cantera cases
screen_0407,surrogate_screening,20,1.1,0.5,450.0,750.0,1200.0,10.0,0.5,0.0,False,False,False,0.2736528447012421,0.2412478370538345,0.3104105733241096,0.07661734853317263,C3_v3_5_C0,GPR trained on direct Cantera cases
screen_0408,surrogate_screening,20,1.1,0.7,450.0,750.0,1200.0,10.0,0.5,0.0,False,False,False,0.5239914259676004,0.4629188708795964,0.5931212395075879,0.07533343931880958,C3_v3_5_C0,GPR trained on direct Cantera cases
screen_0409,surrogate_screening,20,1.2,0.0,450.0,750.0,1200.0,10.0,0.5,0.0,False,False,False,0.06283572830198496,0.05454739755857007,0.07238344866959731,0.08599017022192389,C3_v3_5_C0,GPR trained on direct Cantera cases
screen_0410,surrogate_screening,20,1.2,0.05,450.0,750.0,1200.0,10.0,0.5,0.0,False,False,False,0.07270914870082797,0.06385404995921884,0.0827922474482899,0.07894663143280833,C3_v3_5_C0,GPR trained on direct Cantera cases
screen_0411,surrogate_screening,20,1.2,0.1,450.0,750.0,1200.0,10.0,0.5,0.0,False,False,False,0.08386387989910732,0.07426643303303881,0.09470160427124684,0.07388202647581825,C3_v3_5_C0,GPR trained on direct Cantera cases
screen_0412,surrogate_screening,20,1.2,0.2,450.0,750.0,1200.0,10.0,0.5,0.0,False,False,False,0.11117233387621384,0.09955947373661768,0.1241397463809479,0.06706769798827704,C3_v3_5_C0,GPR trained on direct Cantera cases
screen_0413,surrogate_screening,20,1.2,0.3,450.0,750.0,1200.0,10.0,0.5,0.0,False,False,False,0.14858019974138856,0.1344979648482829,0.16413687582628697,0.06053240752006558,C3_v3_5_C0,GPR trained on direct Cantera cases
screen_0414,surrogate_screening,20,1.2,0.4,450.0,750.0,1200.0,10.0,0.5,0.0,False,False,False,0.2022273959649851,0.18374062683531095,0.2225741817863417,0.05827821305640454,C3_v3_5_C0,GPR trained on direct Cantera cases
screen_0415,surrogate_screening,20,1.2,0.5,450.0,750.0,1200.0,10.0,0.5,0.0,False,False,False,0.2800166085578868,0.250101708567613,0.31350965780013246,0.06868160990285758,C3_v3_5_C0,GPR trained on direct Cantera cases
screen_0416,surrogate_screening,20,1.2,0.7,450.0,750.0,1200.0,10.0,0.5,0.0,False,False,False,0.5448847063366388,0.4589474126901817,0.6469136441128405,0.10433956843957214,C3_v3_5_C0,GPR trained on direct Cantera cases
screen_0417,surrogate_screening,20,1.3,0.0,450.0,750.0,1200.0,10.0,0.5,0.0,False,False,False,0.0553094316247,0.048436800781399635,0.0631572105774193,0.08065870896601622,C3_v3_5_C0,GPR trained on direct Cantera cases
screen_0418,surrogate_screening,20,1.3,0.05,450.0,750.0,1200.0,10.0,0.5,0.0,False,False,False,0.06429611935360431,0.056926563294728456,0.07261971783769615,0.0740043789012761,C3_v3_5_C0,GPR trained on direct Cantera cases
screen_0419,surrogate_screening,20,1.3,0.1,450.0,750.0,1200.0,10.0,0.5,0.0,False,False,False,0.0746857953932488,0.06675967883140183,0.083552948893135,0.06820099130124549,C3_v3_5_C0,GPR trained on direct Cantera cases
screen_0420,surrogate_screening,20,1.3,0.2,450.0,750.0,1200.0,10.0,0.5,0.0,False,False,False,0.10099155457377514,0.0920375486478419,0.11081666390586724,0.0564378504580552,C3_v3_5_C0,GPR trained on direct Cantera cases
screen_0421,surrogate_screening,20,1.3,0.3,450.0,750.0,1200.0,10.0,0.5,0.0,False,False,False,0.1380254179163769,0.1296668251387295,0.14692282293954498,0.037975427901138184,C3_v3_5_C0,GPR trained on direct Cantera cases
screen_0422,surrogate_screening,20,1.3,0.4,450.0,750.0,1200.0,10.0,0.5,0.0,False,False,False,0.19148171090603922,0.1914246837910828,0.19153875500988013,0.00018107265859046702,C3_v3_5_C0,GPR trained on direct Cantera cases
screen_0423,surrogate_screening,20,1.3,0.5,450.0,750.0,1200.0,10.0,0.5,0.0,False,False,False,0.2688223297460269,0.24982703260169722,0.2892619114012991,0.04454824823934338,C3_v3_5_C0,GPR trained on direct Cantera cases
screen_0424,surrogate_screening,20,1.3,0.7,450.0,750.0,1200.0,10.0,0.5,0.0,False,False,False,0.5359957086567775,0.4582290681906913,0.6269602250089582,0.09529297679757202,C3_v3_5_C0,GPR trained on direct Cantera cases
screen_0425,surrogate_screening,20,1.4,0.0,450.0,750.0,1200.0,10.0,0.5,0.0,False,False,False,0.04791672150576815,0.04339589569531782,0.05290851042646117,0.060242959315988595,C3_v3_5_C0,GPR trained on direct Cantera cases
screen_0426,surrogate_screening,20,1.4,0.05,450.0,750.0,1200.0,10.0,0.5,0.0,False,False,False,0.05602830826062707,0.05120057153369688,0.06131125556834562,0.05477591058607415,C3_v3_5_C0,GPR trained on direct Cantera cases
screen_0427,surrogate_screening,20,1.4,0.1,450.0,750.0,1200.0,10.0,0.5,0.0,False,False,False,0.06555363859725838,0.060266954362579665,0.07130407665014155,0.051115370459159946,C3_v3_5_C0,GPR trained on direct Cantera cases
screen_0428,surrogate_screening,20,1.4,0.2,450.0,750.0,1200.0,10.0,0.5,0.0,False,False,False,0.0900933473466314,0.08342389265431854,0.09729600211481618,0.04675475656887132,C3_v3_5_C0,GPR trained on direct Cantera cases
screen_0429,surrogate_screening,20,1.4,0.3,450.0,750.0,1200.0,10.0,0.5,0.0,False,False,False,0.12492116668015964,0.11508443759877554,0.13559868050220425,0.04985822058326849,C3_v3_5_C0,GPR trained on direct Cantera cases
screen_0430,surrogate_screening,20,1.4,0.4,450.0,750.0,1200.0,10.0,0.5,0.0,False,False,False,0.17527890993984727,0.15876521607207408,0.19351024758316088,0.06015318775112325,C3_v3_5_C0,GPR trained on direct Cantera cases
screen_0431,surrogate_screening,20,1.4,0.5,450.0,750.0,1200.0,10.0,0.5,0.0,False,False,False,0.24869779010371296,0.22053293471735372,0.28045965507030207,0.0730646914576629,C3_v3_5_C0,GPR trained on direct Cantera cases
screen_0432,surrogate_screening,20,1.4,0.7,450.0,750.0,1200.0,10.0,0.5,0.0,False,False,False,0.5064398595490989,0.4404780525963137,0.582279479825001,0.08482976232957572,C3_v3_5_C0,GPR trained on direct Cantera cases
